{
    "content": [
                {
                "chapterID":"NAR700",
                "imageURL":[
                            "http://truyentranhtuan.com/manga1/naruto-nhom-truyentranhtuan-com/700/naruto-truyentranhtuan-com-chap-700-trang-001.jpg",
                            "http://truyentranhtuan.com/manga1/naruto-nhom-truyentranhtuan-com/700/naruto-truyentranhtuan-com-chap-700-trang-002.jpg",
                            "http://truyentranhtuan.com/manga1/naruto-nhom-truyentranhtuan-com/700/naruto-truyentranhtuan-com-chap-700-trang-003.jpg",
                            "http://truyentranhtuan.com/manga1/naruto-nhom-truyentranhtuan-com/700/naruto-truyentranhtuan-com-chap-700-trang-004.jpg",
                            "http://truyentranhtuan.com/manga1/naruto-nhom-truyentranhtuan-com/700/naruto-truyentranhtuan-com-chap-700-trang-005.jpg",
                            "http://truyentranhtuan.com/manga1/naruto-nhom-truyentranhtuan-com/700/naruto-truyentranhtuan-com-chap-700-trang-006.jpg",
                            "http://truyentranhtuan.com/manga1/naruto-nhom-truyentranhtuan-com/700/naruto-truyentranhtuan-com-chap-700-trang-007.jpg",
                            "http://truyentranhtuan.com/manga1/naruto-nhom-truyentranhtuan-com/700/naruto-truyentranhtuan-com-chap-700-trang-009.jpg",
                            "http://truyentranhtuan.com/manga1/naruto-nhom-truyentranhtuan-com/700/naruto-truyentranhtuan-com-chap-700-trang-010.jpg",
                            "http://truyentranhtuan.com/manga1/naruto-nhom-truyentranhtuan-com/700/naruto-truyentranhtuan-com-chap-700-trang-011.jpg",
                            "http://truyentranhtuan.com/manga1/naruto-nhom-truyentranhtuan-com/700/naruto-truyentranhtuan-com-chap-700-trang-012.jpg",
                            "http://truyentranhtuan.com/manga1/naruto-nhom-truyentranhtuan-com/700/naruto-truyentranhtuan-com-chap-700-trang-013.jpg",
                            "http://truyentranhtuan.com/manga1/naruto-nhom-truyentranhtuan-com/700/naruto-truyentranhtuan-com-chap-700-trang-014.jpg",
                            "http://truyentranhtuan.com/manga1/naruto-nhom-truyentranhtuan-com/700/naruto-truyentranhtuan-com-chap-700-trang-015.jpg",
                            "http://truyentranhtuan.com/manga1/naruto-nhom-truyentranhtuan-com/700/naruto-truyentranhtuan-com-chap-700-trang-016.jpg",
                            "http://truyentranhtuan.com/manga1/naruto-nhom-truyentranhtuan-com/700/naruto-truyentranhtuan-com-chap-700-trang-017.jpg",
                            "http://truyentranhtuan.com/manga1/naruto-nhom-truyentranhtuan-com/700/naruto-truyentranhtuan-com-chap-700-trang-018.jpg",
                            "http://truyentranhtuan.com/manga1/naruto-nhom-truyentranhtuan-com/700/naruto-truyentranhtuan-com-chap-700-trang-019.jpg",
                            "http://truyentranhtuan.com/manga1/naruto-nhom-truyentranhtuan-com/700/naruto-truyentranhtuan-com-chap-700-trang-020.jpg",
                            "http://truyentranhtuan.com/manga1/naruto-nhom-truyentranhtuan-com/700/naruto-truyentranhtuan-com-chap-700-trang-021.jpg",
                            
                            
                            ],
                },
                {
                "chapterID":"NAR699",
                "imageURL":[
                            "http://truyentranhtuan.com/manga1/naruto-nhom-truyentranhtuan-com/699/naruto-truyentranhtuan-com-chap-699-trang-002.jpg",
                            "http://truyentranhtuan.com/manga1/naruto-nhom-truyentranhtuan-com/699/naruto-truyentranhtuan-com-chap-699-trang-003.jpg",
                            "http://truyentranhtuan.com/manga1/naruto-nhom-truyentranhtuan-com/699/naruto-truyentranhtuan-com-chap-699-trang-004.jpg",
                            "http://truyentranhtuan.com/manga1/naruto-nhom-truyentranhtuan-com/699/naruto-truyentranhtuan-com-chap-699-trang-005.jpg",
                            "http://truyentranhtuan.com/manga1/naruto-nhom-truyentranhtuan-com/699/naruto-truyentranhtuan-com-chap-699-trang-006.png",
                            "http://truyentranhtuan.com/manga1/naruto-nhom-truyentranhtuan-com/699/naruto-truyentranhtuan-com-chap-699-trang-007.jpg",
                            "http://truyentranhtuan.com/manga1/naruto-nhom-truyentranhtuan-com/699/naruto-truyentranhtuan-com-chap-699-trang-008.jpg",
                            "http://truyentranhtuan.com/manga1/naruto-nhom-truyentranhtuan-com/699/naruto-truyentranhtuan-com-chap-699-trang-009.jpg",
                            "http://truyentranhtuan.com/manga1/naruto-nhom-truyentranhtuan-com/699/naruto-truyentranhtuan-com-chap-699-trang-010.jpg",
                            "http://truyentranhtuan.com/manga1/naruto-nhom-truyentranhtuan-com/699/naruto-truyentranhtuan-com-chap-699-trang-011.jpg",
                            "http://truyentranhtuan.com/manga1/naruto-nhom-truyentranhtuan-com/699/naruto-truyentranhtuan-com-chap-699-trang-012.jpg",
                            "http://truyentranhtuan.com/manga1/naruto-nhom-truyentranhtuan-com/699/naruto-truyentranhtuan-com-chap-699-trang-013.jpg",
                            "http://truyentranhtuan.com/manga1/naruto-nhom-truyentranhtuan-com/699/naruto-truyentranhtuan-com-chap-699-trang-014.jpg",
                            "http://truyentranhtuan.com/manga1/naruto-nhom-truyentranhtuan-com/699/naruto-truyentranhtuan-com-chap-699-trang-015.jpg",
                            "http://truyentranhtuan.com/manga1/naruto-nhom-truyentranhtuan-com/699/naruto-truyentranhtuan-com-chap-699-trang-016.jpg",
                            "http://truyentranhtuan.com/manga1/naruto-nhom-truyentranhtuan-com/699/naruto-truyentranhtuan-com-chap-699-trang-017.jpg",
                            "http://truyentranhtuan.com/manga1/naruto-nhom-truyentranhtuan-com/699/naruto-truyentranhtuan-com-chap-699-trang-018.jpg",
                            "http://truyentranhtuan.com/manga1/naruto-nhom-truyentranhtuan-com/699/naruto-truyentranhtuan-com-chap-699-trang-019.jpg",
                            "http://truyentranhtuan.com/manga1/naruto-nhom-truyentranhtuan-com/699/naruto-truyentranhtuan-com-chap-699-trang-020.png",
                            "http://truyentranhtuan.com/manga1/naruto-nhom-truyentranhtuan-com/699/naruto-truyentranhtuan-com-chap-699-trang-021.jpg",
                            
                            
                            
                            ],
                
                },
                {
                "chapterID":"NAR698",
                "imageURL":[
                            "http://truyentranhtuan.com/manga1/naruto-nhom-truyentranhtuan-com/698/naruto-truyentranhtuan-com-chap-698-trang-002.jpg",
                            "http://truyentranhtuan.com/manga1/naruto-nhom-truyentranhtuan-com/698/naruto-truyentranhtuan-com-chap-698-trang-003.jpg",
                            "http://truyentranhtuan.com/manga1/naruto-nhom-truyentranhtuan-com/698/naruto-truyentranhtuan-com-chap-698-trang-004.png",
                            "http://truyentranhtuan.com/manga1/naruto-nhom-truyentranhtuan-com/698/naruto-truyentranhtuan-com-chap-698-trang-005.jpg",
                            "http://truyentranhtuan.com/manga1/naruto-nhom-truyentranhtuan-com/698/naruto-truyentranhtuan-com-chap-698-trang-006.jpg",
                            "http://truyentranhtuan.com/manga1/naruto-nhom-truyentranhtuan-com/698/naruto-truyentranhtuan-com-chap-698-trang-007.jpg",
                            "http://truyentranhtuan.com/manga1/naruto-nhom-truyentranhtuan-com/698/naruto-truyentranhtuan-com-chap-698-trang-008.jpg",
                            "http://truyentranhtuan.com/manga1/naruto-nhom-truyentranhtuan-com/698/naruto-truyentranhtuan-com-chap-698-trang-009.jpg",
                            "http://truyentranhtuan.com/manga1/naruto-nhom-truyentranhtuan-com/698/naruto-truyentranhtuan-com-chap-698-trang-010.jpg",
                            "http://truyentranhtuan.com/manga1/naruto-nhom-truyentranhtuan-com/698/naruto-truyentranhtuan-com-chap-698-trang-011.jpg",
                            "http://truyentranhtuan.com/manga1/naruto-nhom-truyentranhtuan-com/698/naruto-truyentranhtuan-com-chap-698-trang-012.jpg",
                            "http://truyentranhtuan.com/manga1/naruto-nhom-truyentranhtuan-com/698/naruto-truyentranhtuan-com-chap-698-trang-013.jpg",
                            "http://truyentranhtuan.com/manga1/naruto-nhom-truyentranhtuan-com/698/naruto-truyentranhtuan-com-chap-698-trang-014.jpg",
                            "http://truyentranhtuan.com/manga1/naruto-nhom-truyentranhtuan-com/698/naruto-truyentranhtuan-com-chap-698-trang-015.jpg",
                            "http://truyentranhtuan.com/manga1/naruto-nhom-truyentranhtuan-com/698/naruto-truyentranhtuan-com-chap-698-trang-016.jpg",
                            "http://truyentranhtuan.com/manga1/naruto-nhom-truyentranhtuan-com/698/naruto-truyentranhtuan-com-chap-698-trang-017.jpg",
                            "http://truyentranhtuan.com/manga1/naruto-nhom-truyentranhtuan-com/698/naruto-truyentranhtuan-com-chap-698-trang-018.jpg",
                            "http://truyentranhtuan.com/manga1/naruto-nhom-truyentranhtuan-com/698/naruto-truyentranhtuan-com-chap-698-trang-019.jpg",
                            "http://truyentranhtuan.com/manga1/naruto-nhom-truyentranhtuan-com/698/naruto-truyentranhtuan-com-chap-698-trang-020.png",
                            "http://truyentranhtuan.com/manga1/naruto-nhom-truyentranhtuan-com/698/naruto-truyentranhtuan-com-chap-698-trang-021.jpg",
                            
                            
                            
                            
                            ],
                },
                {
                "chapterID":"NAR697",
                "imageURL":[
                            "http://truyentranhtuan.com/manga1/naruto-nhom-truyentranhtuan-com/697/naruto-truyentranhtuan-com-chap-697-trang-002.jpg",
                            "http://truyentranhtuan.com/manga1/naruto-nhom-truyentranhtuan-com/697/naruto-truyentranhtuan-com-chap-697-trang-003.jpg",
                            "http://truyentranhtuan.com/manga1/naruto-nhom-truyentranhtuan-com/697/naruto-truyentranhtuan-com-chap-697-trang-004.jpg",
                            "http://truyentranhtuan.com/manga1/naruto-nhom-truyentranhtuan-com/697/naruto-truyentranhtuan-com-chap-697-trang-005.png",
                            "http://truyentranhtuan.com/manga1/naruto-nhom-truyentranhtuan-com/697/naruto-truyentranhtuan-com-chap-697-trang-006-5.jpg",
                            "http://truyentranhtuan.com/manga1/naruto-nhom-truyentranhtuan-com/697/naruto-truyentranhtuan-com-chap-697-trang-006.jpg",
                            "http://truyentranhtuan.com/manga1/naruto-nhom-truyentranhtuan-com/697/naruto-truyentranhtuan-com-chap-697-trang-007.jpg",
                            "http://truyentranhtuan.com/manga1/naruto-nhom-truyentranhtuan-com/697/naruto-truyentranhtuan-com-chap-697-trang-008.jpg",
                            "http://truyentranhtuan.com/manga1/naruto-nhom-truyentranhtuan-com/697/naruto-truyentranhtuan-com-chap-697-trang-009.jpg",
                            "http://truyentranhtuan.com/manga1/naruto-nhom-truyentranhtuan-com/697/naruto-truyentranhtuan-com-chap-697-trang-010.jpg",
                            "http://truyentranhtuan.com/manga1/naruto-nhom-truyentranhtuan-com/697/naruto-truyentranhtuan-com-chap-697-trang-011.jpg",
                            "http://truyentranhtuan.com/manga1/naruto-nhom-truyentranhtuan-com/697/naruto-truyentranhtuan-com-chap-697-trang-012.jpg",
                            "http://truyentranhtuan.com/manga1/naruto-nhom-truyentranhtuan-com/697/naruto-truyentranhtuan-com-chap-697-trang-013.jpg",
                            "http://truyentranhtuan.com/manga1/naruto-nhom-truyentranhtuan-com/697/naruto-truyentranhtuan-com-chap-697-trang-014.jpg",
                            "http://truyentranhtuan.com/manga1/naruto-nhom-truyentranhtuan-com/697/naruto-truyentranhtuan-com-chap-697-trang-015.jpg",
                            "http://truyentranhtuan.com/manga1/naruto-nhom-truyentranhtuan-com/697/naruto-truyentranhtuan-com-chap-697-trang-016.jpg",
                            "http://truyentranhtuan.com/manga1/naruto-nhom-truyentranhtuan-com/697/naruto-truyentranhtuan-com-chap-697-trang-017.png",
                            "http://truyentranhtuan.com/manga1/naruto-nhom-truyentranhtuan-com/697/naruto-truyentranhtuan-com-chap-697-trang-018.jpg",
                            
                            
                            
                            ],
                },
                {
                "chapterID":"NAR696",
                "imageURL":[
                            "http://truyentranhtuan.com/manga1/naruto-nhom-truyentranhtuan-com/696/naruto-truyentranhtuan-com-chap-696-trang-002.jpg",
                            "http://truyentranhtuan.com/manga1/naruto-nhom-truyentranhtuan-com/696/naruto-truyentranhtuan-com-chap-696-trang-003.jpg",
                            "http://truyentranhtuan.com/manga1/naruto-nhom-truyentranhtuan-com/696/naruto-truyentranhtuan-com-chap-696-trang-004.jpg",
                            "http://truyentranhtuan.com/manga1/naruto-nhom-truyentranhtuan-com/696/naruto-truyentranhtuan-com-chap-696-trang-005.png",
                            "http://truyentranhtuan.com/manga1/naruto-nhom-truyentranhtuan-com/696/naruto-truyentranhtuan-com-chap-696-trang-006.jpg",
                            "http://truyentranhtuan.com/manga1/naruto-nhom-truyentranhtuan-com/696/naruto-truyentranhtuan-com-chap-696-trang-007.jpg",
                            "http://truyentranhtuan.com/manga1/naruto-nhom-truyentranhtuan-com/696/naruto-truyentranhtuan-com-chap-696-trang-008.jpg",
                            "http://truyentranhtuan.com/manga1/naruto-nhom-truyentranhtuan-com/696/naruto-truyentranhtuan-com-chap-696-trang-009.jpg",
                            "http://truyentranhtuan.com/manga1/naruto-nhom-truyentranhtuan-com/696/naruto-truyentranhtuan-com-chap-696-trang-010.jpg",
                            "http://truyentranhtuan.com/manga1/naruto-nhom-truyentranhtuan-com/696/naruto-truyentranhtuan-com-chap-696-trang-011.jpg",
                            "http://truyentranhtuan.com/manga1/naruto-nhom-truyentranhtuan-com/696/naruto-truyentranhtuan-com-chap-696-trang-012.jpg",
                            "http://truyentranhtuan.com/manga1/naruto-nhom-truyentranhtuan-com/696/naruto-truyentranhtuan-com-chap-696-trang-013.jpg",
                            "http://truyentranhtuan.com/manga1/naruto-nhom-truyentranhtuan-com/696/naruto-truyentranhtuan-com-chap-696-trang-014.jpg",
                            "http://truyentranhtuan.com/manga1/naruto-nhom-truyentranhtuan-com/696/naruto-truyentranhtuan-com-chap-696-trang-014.jpg",
                            "http://truyentranhtuan.com/manga1/naruto-nhom-truyentranhtuan-com/696/naruto-truyentranhtuan-com-chap-696-trang-015.jpg",
                            "http://truyentranhtuan.com/manga1/naruto-nhom-truyentranhtuan-com/696/naruto-truyentranhtuan-com-chap-696-trang-016.jpg",
                            "http://truyentranhtuan.com/manga1/naruto-nhom-truyentranhtuan-com/696/naruto-truyentranhtuan-com-chap-696-trang-017.png",
                            "http://truyentranhtuan.com/manga1/naruto-nhom-truyentranhtuan-com/696/naruto-truyentranhtuan-com-chap-696-trang-018.jpg",
                            "http://truyentranhtuan.com/manga1/naruto-nhom-truyentranhtuan-com/696/naruto-truyentranhtuan-com-chap-696-trang-019.jpg",
                            "http://truyentranhtuan.com/manga1/naruto-nhom-truyentranhtuan-com/696/naruto-truyentranhtuan-com-chap-696-trang-020.jpg",
                            
                            
                            
                            
                            
                            ],
                },
                {
                "chapterID":"NAR695",
                "imageURL":[
                            "http://truyentranhtuan.com/manga1/naruto-nhom-truyentranhtuan-com/695/naruto-truyentranhtuan-com-chap-695-trang-002.jpg",
                            "http://truyentranhtuan.com/manga1/naruto-nhom-truyentranhtuan-com/695/naruto-truyentranhtuan-com-chap-695-trang-003.jpg",
                            "http://truyentranhtuan.com/manga1/naruto-nhom-truyentranhtuan-com/695/naruto-truyentranhtuan-com-chap-695-trang-004.jpg",
                            "http://truyentranhtuan.com/manga1/naruto-nhom-truyentranhtuan-com/695/naruto-truyentranhtuan-com-chap-695-trang-005.png",
                            "http://truyentranhtuan.com/manga1/naruto-nhom-truyentranhtuan-com/695/naruto-truyentranhtuan-com-chap-695-trang-006.jpg",
                            "http://truyentranhtuan.com/manga1/naruto-nhom-truyentranhtuan-com/695/naruto-truyentranhtuan-com-chap-695-trang-007.jpg",
                            "http://truyentranhtuan.com/manga1/naruto-nhom-truyentranhtuan-com/695/naruto-truyentranhtuan-com-chap-695-trang-008.jpg",
                            "http://truyentranhtuan.com/manga1/naruto-nhom-truyentranhtuan-com/695/naruto-truyentranhtuan-com-chap-695-trang-009.jpg",
                            "http://truyentranhtuan.com/manga1/naruto-nhom-truyentranhtuan-com/695/naruto-truyentranhtuan-com-chap-695-trang-010.jpg",
                            "http://truyentranhtuan.com/manga1/naruto-nhom-truyentranhtuan-com/695/naruto-truyentranhtuan-com-chap-695-trang-011.jpg",
                            "http://truyentranhtuan.com/manga1/naruto-nhom-truyentranhtuan-com/695/naruto-truyentranhtuan-com-chap-695-trang-012.jpg",
                            "http://truyentranhtuan.com/manga1/naruto-nhom-truyentranhtuan-com/695/naruto-truyentranhtuan-com-chap-695-trang-013.jpg",
                            "http://truyentranhtuan.com/manga1/naruto-nhom-truyentranhtuan-com/695/naruto-truyentranhtuan-com-chap-695-trang-014.jpg",
                            "http://truyentranhtuan.com/manga1/naruto-nhom-truyentranhtuan-com/695/naruto-truyentranhtuan-com-chap-695-trang-015.jpg",
                            "http://truyentranhtuan.com/manga1/naruto-nhom-truyentranhtuan-com/695/naruto-truyentranhtuan-com-chap-695-trang-016.jpg",
                            "http://truyentranhtuan.com/manga1/naruto-nhom-truyentranhtuan-com/695/naruto-truyentranhtuan-com-chap-695-trang-017.jpg",
                            "http://truyentranhtuan.com/manga1/naruto-nhom-truyentranhtuan-com/695/naruto-truyentranhtuan-com-chap-695-trang-018.jpg",
                            "http://truyentranhtuan.com/manga1/naruto-nhom-truyentranhtuan-com/695/naruto-truyentranhtuan-com-chap-695-trang-019.jpg",
                            "http://truyentranhtuan.com/manga1/naruto-nhom-truyentranhtuan-com/695/naruto-truyentranhtuan-com-chap-695-trang-020.jpg",
                            
                            
                            
                            ],
                },
                
                
                {
                "chapterID":"OP792",
                "imageURL":[
                            "http://truyentranhtuan.com/manga1/one-piece-nhom-truyentranhtuan-com/792/one-piece-truyentranhtuan-com-chap-792-trang-001.jpg",
                            "http://truyentranhtuan.com/manga1/one-piece-nhom-truyentranhtuan-com/792/one-piece-truyentranhtuan-com-chap-792-trang-003.jpg",
                            "http://truyentranhtuan.com/manga1/one-piece-nhom-truyentranhtuan-com/792/one-piece-truyentranhtuan-com-chap-792-trang-004.png",
                            "http://truyentranhtuan.com/manga1/one-piece-nhom-truyentranhtuan-com/792/one-piece-truyentranhtuan-com-chap-792-trang-005.jpg",
                            "http://truyentranhtuan.com/manga1/one-piece-nhom-truyentranhtuan-com/792/one-piece-truyentranhtuan-com-chap-792-trang-006.jpg",
                            "http://truyentranhtuan.com/manga1/one-piece-nhom-truyentranhtuan-com/792/one-piece-truyentranhtuan-com-chap-792-trang-007.jpg",
                            "http://truyentranhtuan.com/manga1/one-piece-nhom-truyentranhtuan-com/792/one-piece-truyentranhtuan-com-chap-792-trang-008.jpg",
                            "http://truyentranhtuan.com/manga1/one-piece-nhom-truyentranhtuan-com/792/one-piece-truyentranhtuan-com-chap-792-trang-009.jpg",
                            "http://truyentranhtuan.com/manga1/one-piece-nhom-truyentranhtuan-com/792/one-piece-truyentranhtuan-com-chap-792-trang-010.jpg",
                            "http://truyentranhtuan.com/manga1/one-piece-nhom-truyentranhtuan-com/792/one-piece-truyentranhtuan-com-chap-792-trang-011.jpg",
                            "http://truyentranhtuan.com/manga1/one-piece-nhom-truyentranhtuan-com/792/one-piece-truyentranhtuan-com-chap-792-trang-012.jpg",
                            "http://truyentranhtuan.com/manga1/one-piece-nhom-truyentranhtuan-com/792/one-piece-truyentranhtuan-com-chap-792-trang-013.jpg",
                            "http://truyentranhtuan.com/manga1/one-piece-nhom-truyentranhtuan-com/792/one-piece-truyentranhtuan-com-chap-792-trang-014.png",
                            "http://truyentranhtuan.com/manga1/one-piece-nhom-truyentranhtuan-com/792/one-piece-truyentranhtuan-com-chap-792-trang-015.jpg",
                            
                            
                            
                            
                            
                            ],
                },
                {
                "chapterID":"OP791",
                "imageURL":[
                            "http://truyentranhtuan.com/manga1/one-piece-nhom-truyentranhtuan-com/791/one-piece-truyentranhtuan-com-chap-791-trang-001.jpg",
                            "http://truyentranhtuan.com/manga1/one-piece-nhom-truyentranhtuan-com/791/one-piece-truyentranhtuan-com-chap-791-trang-003.jpg",
                            "http://truyentranhtuan.com/manga1/one-piece-nhom-truyentranhtuan-com/791/one-piece-truyentranhtuan-com-chap-791-trang-004.jpg",
                            "http://truyentranhtuan.com/manga1/one-piece-nhom-truyentranhtuan-com/791/one-piece-truyentranhtuan-com-chap-791-trang-005.png",
                            "http://truyentranhtuan.com/manga1/one-piece-nhom-truyentranhtuan-com/791/one-piece-truyentranhtuan-com-chap-791-trang-006.jpg",
                            "http://truyentranhtuan.com/manga1/one-piece-nhom-truyentranhtuan-com/791/one-piece-truyentranhtuan-com-chap-791-trang-007.jpg",
                            "http://truyentranhtuan.com/manga1/one-piece-nhom-truyentranhtuan-com/791/one-piece-truyentranhtuan-com-chap-791-trang-008.jpg",
                            "http://truyentranhtuan.com/manga1/one-piece-nhom-truyentranhtuan-com/791/one-piece-truyentranhtuan-com-chap-791-trang-009.jpg",
                            "http://truyentranhtuan.com/manga1/one-piece-nhom-truyentranhtuan-com/791/one-piece-truyentranhtuan-com-chap-791-trang-010.jpg",
                            "http://truyentranhtuan.com/manga1/one-piece-nhom-truyentranhtuan-com/791/one-piece-truyentranhtuan-com-chap-791-trang-011.jpg",
                            "http://truyentranhtuan.com/manga1/one-piece-nhom-truyentranhtuan-com/791/one-piece-truyentranhtuan-com-chap-791-trang-012.jpg",
                            "http://truyentranhtuan.com/manga1/one-piece-nhom-truyentranhtuan-com/791/one-piece-truyentranhtuan-com-chap-791-trang-013.jpg",
                            "http://truyentranhtuan.com/manga1/one-piece-nhom-truyentranhtuan-com/791/one-piece-truyentranhtuan-com-chap-791-trang-014.jpg",
                            "http://truyentranhtuan.com/manga1/one-piece-nhom-truyentranhtuan-com/791/one-piece-truyentranhtuan-com-chap-791-trang-015.png",
                            "http://truyentranhtuan.com/manga1/one-piece-nhom-truyentranhtuan-com/791/one-piece-truyentranhtuan-com-chap-791-trang-016.jpg",
                            
                            
                            
                            
                            ],
                },
                {
                "chapterID":"OP790",
                "imageURL":[
                            "http://truyentranhtuan.com/manga1/one-piece-nhom-truyentranhtuan-com/790/one-piece-truyentranhtuan-com-chap-790-trang-003.jpg",
                            "http://truyentranhtuan.com/manga1/one-piece-nhom-truyentranhtuan-com/790/one-piece-truyentranhtuan-com-chap-790-trang-004.png",
                            "http://truyentranhtuan.com/manga1/one-piece-nhom-truyentranhtuan-com/790/one-piece-truyentranhtuan-com-chap-790-trang-005.jpg",
                            "http://truyentranhtuan.com/manga1/one-piece-nhom-truyentranhtuan-com/790/one-piece-truyentranhtuan-com-chap-790-trang-006.jpg",
                            "http://truyentranhtuan.com/manga1/one-piece-nhom-truyentranhtuan-com/790/one-piece-truyentranhtuan-com-chap-790-trang-007.jpg",
                            "http://truyentranhtuan.com/manga1/one-piece-nhom-truyentranhtuan-com/790/one-piece-truyentranhtuan-com-chap-790-trang-008.jpg",
                            "http://truyentranhtuan.com/manga1/one-piece-nhom-truyentranhtuan-com/790/one-piece-truyentranhtuan-com-chap-790-trang-009.jpg",
                            "http://truyentranhtuan.com/manga1/one-piece-nhom-truyentranhtuan-com/790/one-piece-truyentranhtuan-com-chap-790-trang-010.jpg",
                            "http://truyentranhtuan.com/manga1/one-piece-nhom-truyentranhtuan-com/790/one-piece-truyentranhtuan-com-chap-790-trang-011.jpg",
                            "http://truyentranhtuan.com/manga1/one-piece-nhom-truyentranhtuan-com/790/one-piece-truyentranhtuan-com-chap-790-trang-012.jpg",
                            "http://truyentranhtuan.com/manga1/one-piece-nhom-truyentranhtuan-com/790/one-piece-truyentranhtuan-com-chap-790-trang-013.jpg",
                            "http://truyentranhtuan.com/manga1/one-piece-nhom-truyentranhtuan-com/790/one-piece-truyentranhtuan-com-chap-790-trang-014.jpg",
                            "http://truyentranhtuan.com/manga1/one-piece-nhom-truyentranhtuan-com/790/one-piece-truyentranhtuan-com-chap-790-trang-015.png",
                            "http://truyentranhtuan.com/manga1/one-piece-nhom-truyentranhtuan-com/790/one-piece-truyentranhtuan-com-chap-790-trang-016.jpg",
                            "http://truyentranhtuan.com/manga1/one-piece-nhom-truyentranhtuan-com/790/one-piece-truyentranhtuan-com-chap-790-trang-017.jpg",
                            
                            ],
                },
                {
                "chapterID":"OP699",
                "imageURL":[
                            "http://truyentranhtuan.com/manga/one-piece-nhom-truyentranhtuan-com/699/one-piece-003.jpg",
                            "http://truyentranhtuan.com/manga/one-piece-nhom-truyentranhtuan-com/699/one-piece-004.jpg",
                            "http://truyentranhtuan.com/manga/one-piece-nhom-truyentranhtuan-com/699/one-piece-005.jpg",
                            "http://truyentranhtuan.com/manga/one-piece-nhom-truyentranhtuan-com/699/one-piece-006.jpg",
                            "http://truyentranhtuan.com/manga/one-piece-nhom-truyentranhtuan-com/699/one-piece-007.jpg",
                            "http://truyentranhtuan.com/manga/one-piece-nhom-truyentranhtuan-com/699/one-piece-008.jpg",
                            "http://truyentranhtuan.com/manga/one-piece-nhom-truyentranhtuan-com/699/one-piece-009.jpg",
                            "http://truyentranhtuan.com/manga/one-piece-nhom-truyentranhtuan-com/699/one-piece-010.jpg",
                            "http://truyentranhtuan.com/manga/one-piece-nhom-truyentranhtuan-com/699/one-piece-011.jpg",
                            "http://truyentranhtuan.com/manga/one-piece-nhom-truyentranhtuan-com/699/one-piece-012.jpg",
                            "http://truyentranhtuan.com/manga/one-piece-nhom-truyentranhtuan-com/699/one-piece-013.jpg",
                            "http://truyentranhtuan.com/manga/one-piece-nhom-truyentranhtuan-com/699/one-piece-014.jpg",
                            "http://truyentranhtuan.com/manga/one-piece-nhom-truyentranhtuan-com/699/one-piece-015.jpg",
                            "http://truyentranhtuan.com/manga/one-piece-nhom-truyentranhtuan-com/699/one-piece-016.jpg",
                            "http://truyentranhtuan.com/manga/one-piece-nhom-truyentranhtuan-com/699/one-piece-017.jpg",
                            "http://truyentranhtuan.com/manga/one-piece-nhom-truyentranhtuan-com/699/one-piece-018.jpg",
                            "http://truyentranhtuan.com/manga/one-piece-nhom-truyentranhtuan-com/699/one-piece-019.jpg",
                            "http://truyentranhtuan.com/manga/one-piece-nhom-truyentranhtuan-com/699/one-piece-020.jpg",
                            
                            
                            ],
                },
                {
                "chapterID":"OP698",
                "imageURL":[
                            "http://truyentranhtuan.com/manga/one-piece-nhom-truyentranhtuan-com/698/one-piece-002.jpg",
                            "http://truyentranhtuan.com/manga/one-piece-nhom-truyentranhtuan-com/698/one-piece-003.jpg",
                            "http://truyentranhtuan.com/manga/one-piece-nhom-truyentranhtuan-com/698/one-piece-004.jpg",
                            "http://truyentranhtuan.com/manga/one-piece-nhom-truyentranhtuan-com/698/one-piece-005.jpg",
                            "http://truyentranhtuan.com/manga/one-piece-nhom-truyentranhtuan-com/698/one-piece-006.jpg",
                            "http://truyentranhtuan.com/manga/one-piece-nhom-truyentranhtuan-com/698/one-piece-007.jpg",
                            "http://truyentranhtuan.com/manga/one-piece-nhom-truyentranhtuan-com/698/one-piece-008.jpg",
                            "http://truyentranhtuan.com/manga/one-piece-nhom-truyentranhtuan-com/698/one-piece-009.jpg",
                            "http://truyentranhtuan.com/manga/one-piece-nhom-truyentranhtuan-com/698/one-piece-010.jpg",
                            "http://truyentranhtuan.com/manga/one-piece-nhom-truyentranhtuan-com/698/one-piece-011.jpg",
                            "http://truyentranhtuan.com/manga/one-piece-nhom-truyentranhtuan-com/698/one-piece-012.jpg",
                            "http://truyentranhtuan.com/manga/one-piece-nhom-truyentranhtuan-com/698/one-piece-013.jpg",
                            "http://truyentranhtuan.com/manga/one-piece-nhom-truyentranhtuan-com/698/one-piece-014.jpg",
                            "http://truyentranhtuan.com/manga/one-piece-nhom-truyentranhtuan-com/698/one-piece-015.jpg",
                            "http://truyentranhtuan.com/manga/one-piece-nhom-truyentranhtuan-com/698/one-piece-016.jpg",
                            "http://truyentranhtuan.com/manga/one-piece-nhom-truyentranhtuan-com/698/one-piece-017.jpg",
                            "http://truyentranhtuan.com/manga/one-piece-nhom-truyentranhtuan-com/698/one-piece-018.jpg",
                            "http://truyentranhtuan.com/manga/one-piece-nhom-truyentranhtuan-com/698/one-piece-019.jpg",
                            "http://truyentranhtuan.com/manga/one-piece-nhom-truyentranhtuan-com/698/one-piece-020.jpg",
                            
                            
                            
                            ],
                },
                {
                "chapterID":"OP697",
                "imageURL":[
                            "http://truyentranhtuan.com/manga/one-piece-nhom-truyentranhtuan-com/697/one-piece-002.jpg",
                            "http://truyentranhtuan.com/manga/one-piece-nhom-truyentranhtuan-com/697/one-piece-003.jpg",
                            "http://truyentranhtuan.com/manga/one-piece-nhom-truyentranhtuan-com/697/one-piece-004.jpg",
                            "http://truyentranhtuan.com/manga/one-piece-nhom-truyentranhtuan-com/697/one-piece-005.jpg",
                            "http://truyentranhtuan.com/manga/one-piece-nhom-truyentranhtuan-com/697/one-piece-006.jpg",
                            "http://truyentranhtuan.com/manga/one-piece-nhom-truyentranhtuan-com/697/one-piece-007.jpg",
                            "http://truyentranhtuan.com/manga/one-piece-nhom-truyentranhtuan-com/697/one-piece-008.jpg",
                            "http://truyentranhtuan.com/manga/one-piece-nhom-truyentranhtuan-com/697/one-piece-009.jpg",
                            "http://truyentranhtuan.com/manga/one-piece-nhom-truyentranhtuan-com/697/one-piece-010.jpg",
                            "http://truyentranhtuan.com/manga/one-piece-nhom-truyentranhtuan-com/697/one-piece-011.jpg",
                            "http://truyentranhtuan.com/manga/one-piece-nhom-truyentranhtuan-com/697/one-piece-012.jpg",
                            "http://truyentranhtuan.com/manga/one-piece-nhom-truyentranhtuan-com/697/one-piece-013.jpg",
                            "http://truyentranhtuan.com/manga/one-piece-nhom-truyentranhtuan-com/697/one-piece-014.jpg",
                            "http://truyentranhtuan.com/manga/one-piece-nhom-truyentranhtuan-com/697/one-piece-015.jpg",
                            "http://truyentranhtuan.com/manga/one-piece-nhom-truyentranhtuan-com/697/one-piece-016.jpg",
                            "http://truyentranhtuan.com/manga/one-piece-nhom-truyentranhtuan-com/697/one-piece-017.jpg",
                            "http://truyentranhtuan.com/manga/one-piece-nhom-truyentranhtuan-com/697/one-piece-018.jpg",
                            "http://truyentranhtuan.com/manga/one-piece-nhom-truyentranhtuan-com/697/one-piece-019.jpg",
                            "http://truyentranhtuan.com/manga/one-piece-nhom-truyentranhtuan-com/697/one-piece-020.jpg",
                            "http://truyentranhtuan.com/manga/one-piece-nhom-truyentranhtuan-com/697/one-piece-021.jpg",
                            
                            
                            ],
                },
                {
                "chapterID":"BLE633",
                "imageURL":[
                            "http://truyentranhtuan.com/manga1/bleach-nhom-truyentranhtuan-com/633/bleach-truyentranhtuan-com-chap-633-trang-001.png",
                            "http://truyentranhtuan.com/manga1/bleach-nhom-truyentranhtuan-com/633/bleach-truyentranhtuan-com-chap-633-trang-003.jpg",
                            "http://truyentranhtuan.com/manga1/bleach-nhom-truyentranhtuan-com/633/bleach-truyentranhtuan-com-chap-633-trang-004.jpg",
                            "http://truyentranhtuan.com/manga1/bleach-nhom-truyentranhtuan-com/633/bleach-truyentranhtuan-com-chap-633-trang-005.jpg",
                            "http://truyentranhtuan.com/manga1/bleach-nhom-truyentranhtuan-com/633/bleach-truyentranhtuan-com-chap-633-trang-006.jpg",
                            "http://truyentranhtuan.com/manga1/bleach-nhom-truyentranhtuan-com/633/bleach-truyentranhtuan-com-chap-633-trang-007.jpg",
                            "http://truyentranhtuan.com/manga1/bleach-nhom-truyentranhtuan-com/633/bleach-truyentranhtuan-com-chap-633-trang-008.jpg",
                            "http://truyentranhtuan.com/manga1/bleach-nhom-truyentranhtuan-com/633/bleach-truyentranhtuan-com-chap-633-trang-009.jpg",
                            "http://truyentranhtuan.com/manga1/bleach-nhom-truyentranhtuan-com/633/bleach-truyentranhtuan-com-chap-633-trang-010.jpg",
                            "http://truyentranhtuan.com/manga1/bleach-nhom-truyentranhtuan-com/633/bleach-truyentranhtuan-com-chap-633-trang-011.jpg",
                            "http://truyentranhtuan.com/manga1/bleach-nhom-truyentranhtuan-com/633/bleach-truyentranhtuan-com-chap-633-trang-012.jpg",
                            "http://truyentranhtuan.com/manga1/bleach-nhom-truyentranhtuan-com/633/bleach-truyentranhtuan-com-chap-633-trang-013.jpg",
                            "http://truyentranhtuan.com/manga1/bleach-nhom-truyentranhtuan-com/633/bleach-truyentranhtuan-com-chap-633-trang-014.jpg",
                            "http://truyentranhtuan.com/manga1/bleach-nhom-truyentranhtuan-com/633/bleach-truyentranhtuan-com-chap-633-trang-015.png",
                            "http://truyentranhtuan.com/manga1/bleach-nhom-truyentranhtuan-com/633/bleach-truyentranhtuan-com-chap-633-trang-016.jpg",
                            "http://truyentranhtuan.com/manga1/bleach-nhom-truyentranhtuan-com/633/bleach-truyentranhtuan-com-chap-633-trang-017.jpg",
                            "http://truyentranhtuan.com/manga1/bleach-nhom-truyentranhtuan-com/633/bleach-truyentranhtuan-com-chap-633-trang-018.jpg",
                            
                            
                            
                            
                            ],
                },
                {
                "chapterID":"BLE632",
                "imageURL":[
                            "http://truyentranhtuan.com/manga1/bleach-nhom-truyentranhtuan-com/632/bleach-truyentranhtuan-com-chap-632-trang-001.jpg",
                            "http://truyentranhtuan.com/manga1/bleach-nhom-truyentranhtuan-com/632/bleach-truyentranhtuan-com-chap-632-trang-003.png",
                            "http://truyentranhtuan.com/manga1/bleach-nhom-truyentranhtuan-com/632/bleach-truyentranhtuan-com-chap-632-trang-004.jpg",
                            "http://truyentranhtuan.com/manga1/bleach-nhom-truyentranhtuan-com/632/bleach-truyentranhtuan-com-chap-632-trang-005.jpg",
                            "http://truyentranhtuan.com/manga1/bleach-nhom-truyentranhtuan-com/632/bleach-truyentranhtuan-com-chap-632-trang-006.jpg",
                            "http://truyentranhtuan.com/manga1/bleach-nhom-truyentranhtuan-com/632/bleach-truyentranhtuan-com-chap-632-trang-007.jpg",
                            "http://truyentranhtuan.com/manga1/bleach-nhom-truyentranhtuan-com/632/bleach-truyentranhtuan-com-chap-632-trang-008.jpg",
                            "http://truyentranhtuan.com/manga1/bleach-nhom-truyentranhtuan-com/632/bleach-truyentranhtuan-com-chap-632-trang-009.jpg",
                            "http://truyentranhtuan.com/manga1/bleach-nhom-truyentranhtuan-com/632/bleach-truyentranhtuan-com-chap-632-trang-010.jpg",
                            "http://truyentranhtuan.com/manga1/bleach-nhom-truyentranhtuan-com/632/bleach-truyentranhtuan-com-chap-632-trang-011.jpg",
                            "http://truyentranhtuan.com/manga1/bleach-nhom-truyentranhtuan-com/632/bleach-truyentranhtuan-com-chap-632-trang-012.jpg",
                            "http://truyentranhtuan.com/manga1/bleach-nhom-truyentranhtuan-com/632/bleach-truyentranhtuan-com-chap-632-trang-013.jpg",
                            "http://truyentranhtuan.com/manga1/bleach-nhom-truyentranhtuan-com/632/bleach-truyentranhtuan-com-chap-632-trang-014.jpg",
                            "http://truyentranhtuan.com/manga1/bleach-nhom-truyentranhtuan-com/632/bleach-truyentranhtuan-com-chap-632-trang-015.jpg",
                            "http://truyentranhtuan.com/manga1/bleach-nhom-truyentranhtuan-com/632/bleach-truyentranhtuan-com-chap-632-trang-016.png",
                            "http://truyentranhtuan.com/manga1/bleach-nhom-truyentranhtuan-com/632/bleach-truyentranhtuan-com-chap-632-trang-017.jpg",
                            "http://truyentranhtuan.com/manga1/bleach-nhom-truyentranhtuan-com/632/bleach-truyentranhtuan-com-chap-632-trang-018.jpg",
                            
                            
                            
                            
                            
                            ],
                },
                {
                "chapterID":"BLE631",
                "imageURL":[
                            "http://truyentranhtuan.com/manga1/bleach-nhom-truyentranhtuan-com/631/bleach-truyentranhtuan-com-chap-631-trang-001.jpg",
                            "http://truyentranhtuan.com/manga1/bleach-nhom-truyentranhtuan-com/631/bleach-truyentranhtuan-com-chap-631-trang-003.jpg",
                            "http://truyentranhtuan.com/manga1/bleach-nhom-truyentranhtuan-com/631/bleach-truyentranhtuan-com-chap-631-trang-004.jpg",
                            "http://truyentranhtuan.com/manga1/bleach-nhom-truyentranhtuan-com/631/bleach-truyentranhtuan-com-chap-631-trang-005.jpg",
                            "http://truyentranhtuan.com/manga1/bleach-nhom-truyentranhtuan-com/631/bleach-truyentranhtuan-com-chap-631-trang-006.jpg",
                            "http://truyentranhtuan.com/manga1/bleach-nhom-truyentranhtuan-com/631/bleach-truyentranhtuan-com-chap-631-trang-007.jpg",
                            "http://truyentranhtuan.com/manga1/bleach-nhom-truyentranhtuan-com/631/bleach-truyentranhtuan-com-chap-631-trang-008.jpg",
                            "http://truyentranhtuan.com/manga1/bleach-nhom-truyentranhtuan-com/631/bleach-truyentranhtuan-com-chap-631-trang-009.jpg",
                            "http://truyentranhtuan.com/manga1/bleach-nhom-truyentranhtuan-com/631/bleach-truyentranhtuan-com-chap-631-trang-010.jpg",
                            "http://truyentranhtuan.com/manga1/bleach-nhom-truyentranhtuan-com/631/bleach-truyentranhtuan-com-chap-631-trang-011.jpg",
                            "http://truyentranhtuan.com/manga1/bleach-nhom-truyentranhtuan-com/631/bleach-truyentranhtuan-com-chap-631-trang-012.jpg",
                            "http://truyentranhtuan.com/manga1/bleach-nhom-truyentranhtuan-com/631/bleach-truyentranhtuan-com-chap-631-trang-013.jpg",
                            "http://truyentranhtuan.com/manga1/bleach-nhom-truyentranhtuan-com/631/bleach-truyentranhtuan-com-chap-631-trang-014.jpg",
                            "http://truyentranhtuan.com/manga1/bleach-nhom-truyentranhtuan-com/631/bleach-truyentranhtuan-com-chap-631-trang-015.jpg",
                            "http://truyentranhtuan.com/manga1/bleach-nhom-truyentranhtuan-com/631/bleach-truyentranhtuan-com-chap-631-trang-016.jpg",
                            "http://truyentranhtuan.com/manga1/bleach-nhom-truyentranhtuan-com/631/bleach-truyentranhtuan-com-chap-631-trang-017.png",
                            "http://truyentranhtuan.com/manga1/bleach-nhom-truyentranhtuan-com/631/bleach-truyentranhtuan-com-chap-631-trang-018.jpg",
                            
                            ],
                },
                {
                "chapterID":"BLE630",
                "imageURL":[
                            "http://truyentranhtuan.com/manga1/bleach-nhom-truyentranhtuan-com/630/bleach-truyentranhtuan-com-chap-630-trang-001.jpg",
                            "http://truyentranhtuan.com/manga1/bleach-nhom-truyentranhtuan-com/630/bleach-truyentranhtuan-com-chap-630-trang-003.png",
                            "http://truyentranhtuan.com/manga1/bleach-nhom-truyentranhtuan-com/630/bleach-truyentranhtuan-com-chap-630-trang-004.jpg",
                            "http://truyentranhtuan.com/manga1/bleach-nhom-truyentranhtuan-com/630/bleach-truyentranhtuan-com-chap-630-trang-005.jpg",
                            "http://truyentranhtuan.com/manga1/bleach-nhom-truyentranhtuan-com/630/bleach-truyentranhtuan-com-chap-630-trang-006.jpg",
                            "http://truyentranhtuan.com/manga1/bleach-nhom-truyentranhtuan-com/630/bleach-truyentranhtuan-com-chap-630-trang-007.jpg",
                            "http://truyentranhtuan.com/manga1/bleach-nhom-truyentranhtuan-com/630/bleach-truyentranhtuan-com-chap-630-trang-008.jpg",
                            "http://truyentranhtuan.com/manga1/bleach-nhom-truyentranhtuan-com/630/bleach-truyentranhtuan-com-chap-630-trang-009.jpg",
                            "http://truyentranhtuan.com/manga1/bleach-nhom-truyentranhtuan-com/630/bleach-truyentranhtuan-com-chap-630-trang-010.jpg",
                            "http://truyentranhtuan.com/manga1/bleach-nhom-truyentranhtuan-com/630/bleach-truyentranhtuan-com-chap-630-trang-011.jpg",
                            "http://truyentranhtuan.com/manga1/bleach-nhom-truyentranhtuan-com/630/bleach-truyentranhtuan-com-chap-630-trang-012.jpg",
                            "http://truyentranhtuan.com/manga1/bleach-nhom-truyentranhtuan-com/630/bleach-truyentranhtuan-com-chap-630-trang-013.jpg",
                            "http://truyentranhtuan.com/manga1/bleach-nhom-truyentranhtuan-com/630/bleach-truyentranhtuan-com-chap-630-trang-014.jpg",
                            "http://truyentranhtuan.com/manga1/bleach-nhom-truyentranhtuan-com/630/bleach-truyentranhtuan-com-chap-630-trang-015.jpg",
                            "http://truyentranhtuan.com/manga1/bleach-nhom-truyentranhtuan-com/630/bleach-truyentranhtuan-com-chap-630-trang-016.jpg",
                            "http://truyentranhtuan.com/manga1/bleach-nhom-truyentranhtuan-com/630/bleach-truyentranhtuan-com-chap-630-trang-017.jpg",
                            "http://truyentranhtuan.com/manga1/bleach-nhom-truyentranhtuan-com/630/bleach-truyentranhtuan-com-chap-630-trang-018.jpg",
                            
                            
                            
                            ],
                },
                {
                "chapterID":"BLE629",
                "imageURL":[
                            "http://truyentranhtuan.com/manga1/bleach-nhom-truyentranhtuan-com/629/bleach-truyentranhtuan-com-chap-629-trang-001.png",
                            "http://truyentranhtuan.com/manga1/bleach-nhom-truyentranhtuan-com/629/bleach-truyentranhtuan-com-chap-629-trang-003.jpg",
                            "http://truyentranhtuan.com/manga1/bleach-nhom-truyentranhtuan-com/629/bleach-truyentranhtuan-com-chap-629-trang-004.jpg",
                            "http://truyentranhtuan.com/manga1/bleach-nhom-truyentranhtuan-com/629/bleach-truyentranhtuan-com-chap-629-trang-005.jpg",
                            "http://truyentranhtuan.com/manga1/bleach-nhom-truyentranhtuan-com/629/bleach-truyentranhtuan-com-chap-629-trang-006.jpg",
                            "http://truyentranhtuan.com/manga1/bleach-nhom-truyentranhtuan-com/629/bleach-truyentranhtuan-com-chap-629-trang-007.jpg",
                            "http://truyentranhtuan.com/manga1/bleach-nhom-truyentranhtuan-com/629/bleach-truyentranhtuan-com-chap-629-trang-008.jpg",
                            "http://truyentranhtuan.com/manga1/bleach-nhom-truyentranhtuan-com/629/bleach-truyentranhtuan-com-chap-629-trang-009.jpg",
                            "http://truyentranhtuan.com/manga1/bleach-nhom-truyentranhtuan-com/629/bleach-truyentranhtuan-com-chap-629-trang-010.jpg",
                            "http://truyentranhtuan.com/manga1/bleach-nhom-truyentranhtuan-com/629/bleach-truyentranhtuan-com-chap-629-trang-011.jpg",
                            "http://truyentranhtuan.com/manga1/bleach-nhom-truyentranhtuan-com/629/bleach-truyentranhtuan-com-chap-629-trang-012.jpg",
                            "http://truyentranhtuan.com/manga1/bleach-nhom-truyentranhtuan-com/629/bleach-truyentranhtuan-com-chap-629-trang-013.jpg",
                            "http://truyentranhtuan.com/manga1/bleach-nhom-truyentranhtuan-com/629/bleach-truyentranhtuan-com-chap-629-trang-014.jpg",
                            "http://truyentranhtuan.com/manga1/bleach-nhom-truyentranhtuan-com/629/bleach-truyentranhtuan-com-chap-629-trang-015.jpg",
                            "http://truyentranhtuan.com/manga1/bleach-nhom-truyentranhtuan-com/629/bleach-truyentranhtuan-com-chap-629-trang-016.png",
                            "http://truyentranhtuan.com/manga1/bleach-nhom-truyentranhtuan-com/629/bleach-truyentranhtuan-com-chap-629-trang-017.jpg",
                            "http://truyentranhtuan.com/manga1/bleach-nhom-truyentranhtuan-com/629/bleach-truyentranhtuan-com-chap-629-trang-018.jpg",
                            
                            ],
                },
                {
                "chapterID":"BLE628",
                "imageURL":[
                            "http://truyentranhtuan.com/manga1/bleach-nhom-truyentranhtuan-com/628/bleach-truyentranhtuan-com-chap-628-trang-001.jpg",
                            "http://truyentranhtuan.com/manga1/bleach-nhom-truyentranhtuan-com/628/bleach-truyentranhtuan-com-chap-628-trang-003.png",
                            "http://truyentranhtuan.com/manga1/bleach-nhom-truyentranhtuan-com/628/bleach-truyentranhtuan-com-chap-628-trang-004.jpg",
                            "http://truyentranhtuan.com/manga1/bleach-nhom-truyentranhtuan-com/628/bleach-truyentranhtuan-com-chap-628-trang-005.jpg",
                            "http://truyentranhtuan.com/manga1/bleach-nhom-truyentranhtuan-com/628/bleach-truyentranhtuan-com-chap-628-trang-006.jpg",
                            "http://truyentranhtuan.com/manga1/bleach-nhom-truyentranhtuan-com/628/bleach-truyentranhtuan-com-chap-628-trang-007.jpg",
                            "http://truyentranhtuan.com/manga1/bleach-nhom-truyentranhtuan-com/628/bleach-truyentranhtuan-com-chap-628-trang-008.jpg",
                            "http://truyentranhtuan.com/manga1/bleach-nhom-truyentranhtuan-com/628/bleach-truyentranhtuan-com-chap-628-trang-009.jpg",
                            "http://truyentranhtuan.com/manga1/bleach-nhom-truyentranhtuan-com/628/bleach-truyentranhtuan-com-chap-628-trang-010.jpg",
                            "http://truyentranhtuan.com/manga1/bleach-nhom-truyentranhtuan-com/628/bleach-truyentranhtuan-com-chap-628-trang-011.jpg",
                            "http://truyentranhtuan.com/manga1/bleach-nhom-truyentranhtuan-com/628/bleach-truyentranhtuan-com-chap-628-trang-012.jpg",
                            "http://truyentranhtuan.com/manga1/bleach-nhom-truyentranhtuan-com/628/bleach-truyentranhtuan-com-chap-628-trang-013.jpg",
                            "http://truyentranhtuan.com/manga1/bleach-nhom-truyentranhtuan-com/628/bleach-truyentranhtuan-com-chap-628-trang-014.jpg",
                            "http://truyentranhtuan.com/manga1/bleach-nhom-truyentranhtuan-com/628/bleach-truyentranhtuan-com-chap-628-trang-015.png",
                            "http://truyentranhtuan.com/manga1/bleach-nhom-truyentranhtuan-com/628/bleach-truyentranhtuan-com-chap-628-trang-016.jpg",
                            "http://truyentranhtuan.com/manga1/bleach-nhom-truyentranhtuan-com/628/bleach-truyentranhtuan-com-chap-628-trang-017.jpg",
                            
                            
                            ],
                },
                
                
                
                
                
                ]
}