{
    "content": [
                {
                "chapterID":"NAR700",
                "imageURL":[
                            "http://truyentranhtuan.com/manga1/naruto-nhom-truyentranhtuan-com/700/naruto-truyentranhtuan-com-chap-700-trang-001.jpg",
                            "http://truyentranhtuan.com/manga1/naruto-nhom-truyentranhtuan-com/700/naruto-truyentranhtuan-com-chap-700-trang-002.jpg",
                            "http://truyentranhtuan.com/manga1/naruto-nhom-truyentranhtuan-com/700/naruto-truyentranhtuan-com-chap-700-trang-003.jpg",
                            "http://truyentranhtuan.com/manga1/naruto-nhom-truyentranhtuan-com/700/naruto-truyentranhtuan-com-chap-700-trang-004.jpg",
                            "http://truyentranhtuan.com/manga1/naruto-nhom-truyentranhtuan-com/700/naruto-truyentranhtuan-com-chap-700-trang-005.jpg",
                            "http://truyentranhtuan.com/manga1/naruto-nhom-truyentranhtuan-com/700/naruto-truyentranhtuan-com-chap-700-trang-006.jpg",
                            "http://truyentranhtuan.com/manga1/naruto-nhom-truyentranhtuan-com/700/naruto-truyentranhtuan-com-chap-700-trang-007.jpg",
                            "http://truyentranhtuan.com/manga1/naruto-nhom-truyentranhtuan-com/700/naruto-truyentranhtuan-com-chap-700-trang-009.jpg",
                            "http://truyentranhtuan.com/manga1/naruto-nhom-truyentranhtuan-com/700/naruto-truyentranhtuan-com-chap-700-trang-010.jpg",
                            "http://truyentranhtuan.com/manga1/naruto-nhom-truyentranhtuan-com/700/naruto-truyentranhtuan-com-chap-700-trang-011.jpg",
                            "http://truyentranhtuan.com/manga1/naruto-nhom-truyentranhtuan-com/700/naruto-truyentranhtuan-com-chap-700-trang-012.jpg",
                            "http://truyentranhtuan.com/manga1/naruto-nhom-truyentranhtuan-com/700/naruto-truyentranhtuan-com-chap-700-trang-013.jpg",
                            "http://truyentranhtuan.com/manga1/naruto-nhom-truyentranhtuan-com/700/naruto-truyentranhtuan-com-chap-700-trang-014.jpg",
                            "http://truyentranhtuan.com/manga1/naruto-nhom-truyentranhtuan-com/700/naruto-truyentranhtuan-com-chap-700-trang-015.jpg",
                            "http://truyentranhtuan.com/manga1/naruto-nhom-truyentranhtuan-com/700/naruto-truyentranhtuan-com-chap-700-trang-016.jpg",
                            "http://truyentranhtuan.com/manga1/naruto-nhom-truyentranhtuan-com/700/naruto-truyentranhtuan-com-chap-700-trang-017.jpg",
                            "http://truyentranhtuan.com/manga1/naruto-nhom-truyentranhtuan-com/700/naruto-truyentranhtuan-com-chap-700-trang-018.jpg",
                            "http://truyentranhtuan.com/manga1/naruto-nhom-truyentranhtuan-com/700/naruto-truyentranhtuan-com-chap-700-trang-019.jpg",
                            "http://truyentranhtuan.com/manga1/naruto-nhom-truyentranhtuan-com/700/naruto-truyentranhtuan-com-chap-700-trang-020.jpg",
                            "http://truyentranhtuan.com/manga1/naruto-nhom-truyentranhtuan-com/700/naruto-truyentranhtuan-com-chap-700-trang-021.jpg",
                            
                            
                            ],
                },
                {
                "chapterID":"NAR699",
                "imageURL":[
                            "http://truyentranhtuan.com/manga1/naruto-nhom-truyentranhtuan-com/699/naruto-truyentranhtuan-com-chap-699-trang-002.jpg",
                            "http://truyentranhtuan.com/manga1/naruto-nhom-truyentranhtuan-com/699/naruto-truyentranhtuan-com-chap-699-trang-003.jpg",
                            "http://truyentranhtuan.com/manga1/naruto-nhom-truyentranhtuan-com/699/naruto-truyentranhtuan-com-chap-699-trang-004.jpg",
                            "http://truyentranhtuan.com/manga1/naruto-nhom-truyentranhtuan-com/699/naruto-truyentranhtuan-com-chap-699-trang-005.jpg",
                            "http://truyentranhtuan.com/manga1/naruto-nhom-truyentranhtuan-com/699/naruto-truyentranhtuan-com-chap-699-trang-006.png",
                            "http://truyentranhtuan.com/manga1/naruto-nhom-truyentranhtuan-com/699/naruto-truyentranhtuan-com-chap-699-trang-007.jpg",
                            "http://truyentranhtuan.com/manga1/naruto-nhom-truyentranhtuan-com/699/naruto-truyentranhtuan-com-chap-699-trang-008.jpg",
                            "http://truyentranhtuan.com/manga1/naruto-nhom-truyentranhtuan-com/699/naruto-truyentranhtuan-com-chap-699-trang-009.jpg",
                            "http://truyentranhtuan.com/manga1/naruto-nhom-truyentranhtuan-com/699/naruto-truyentranhtuan-com-chap-699-trang-010.jpg",
                            "http://truyentranhtuan.com/manga1/naruto-nhom-truyentranhtuan-com/699/naruto-truyentranhtuan-com-chap-699-trang-011.jpg",
                            "http://truyentranhtuan.com/manga1/naruto-nhom-truyentranhtuan-com/699/naruto-truyentranhtuan-com-chap-699-trang-012.jpg",
                            "http://truyentranhtuan.com/manga1/naruto-nhom-truyentranhtuan-com/699/naruto-truyentranhtuan-com-chap-699-trang-013.jpg",
                            "http://truyentranhtuan.com/manga1/naruto-nhom-truyentranhtuan-com/699/naruto-truyentranhtuan-com-chap-699-trang-014.jpg",
                            "http://truyentranhtuan.com/manga1/naruto-nhom-truyentranhtuan-com/699/naruto-truyentranhtuan-com-chap-699-trang-015.jpg",
                            "http://truyentranhtuan.com/manga1/naruto-nhom-truyentranhtuan-com/699/naruto-truyentranhtuan-com-chap-699-trang-016.jpg",
                            "http://truyentranhtuan.com/manga1/naruto-nhom-truyentranhtuan-com/699/naruto-truyentranhtuan-com-chap-699-trang-017.jpg",
                            "http://truyentranhtuan.com/manga1/naruto-nhom-truyentranhtuan-com/699/naruto-truyentranhtuan-com-chap-699-trang-018.jpg",
                            "http://truyentranhtuan.com/manga1/naruto-nhom-truyentranhtuan-com/699/naruto-truyentranhtuan-com-chap-699-trang-019.jpg",
                            "http://truyentranhtuan.com/manga1/naruto-nhom-truyentranhtuan-com/699/naruto-truyentranhtuan-com-chap-699-trang-020.png",
                            "http://truyentranhtuan.com/manga1/naruto-nhom-truyentranhtuan-com/699/naruto-truyentranhtuan-com-chap-699-trang-021.jpg",
                            
                            
                            
                            ],
                
                },
                {
                "chapterID":"NAR698",
                "imageURL":[
                            
                            "http://3.bp.blogspot.com/-WECYmji-k6Q/VFDmJCpySZI/AAAAAAAAQAw/h5DpviSc7RA/s0/naruto-truyentranhtuan-com-chap-698-trang-002.jpg",
                            "http://1.bp.blogspot.com/-Pwv-j1_QiD8/VFDlkB_dpdI/AAAAAAAAP94/jU1qVhOEIlE/s0/naruto-truyentranhtuan-com-chap-698-trang-003.jpg",
                            "http://1.bp.blogspot.com/-qga7ykZPXv8/VFDlmAMNdjI/AAAAAAAAP-A/6Bepp5wAsU8/s0/naruto-truyentranhtuan-com-chap-698-trang-004.png",
                            "http://4.bp.blogspot.com/-TIQXwh--yDQ/VFDlosiIv-I/AAAAAAAAP-I/xb5ErwY_HO8/s0/naruto-truyentranhtuan-com-chap-698-trang-005.jpg",
                            "http://3.bp.blogspot.com/-1whhChSeBBU/VFDlptY6IhI/AAAAAAAAP-Q/a-nT35gitQM/s0/naruto-truyentranhtuan-com-chap-698-trang-006.jpg",
                            "http://2.bp.blogspot.com/-sYwkhO-5DgE/VFDlq424g-I/AAAAAAAAP-Y/Ml5ySW2a1f0/s0/naruto-truyentranhtuan-com-chap-698-trang-007.jpg",
                            "http://3.bp.blogspot.com/-1roYWnVavIE/VFDlsWpe6CI/AAAAAAAAP-g/f9ixhqEC3iU/s0/naruto-truyentranhtuan-com-chap-698-trang-008.jpg",
                            "http://2.bp.blogspot.com/-ci1oijPqtXY/VFDltgU11SI/AAAAAAAAP-o/kJJ6MizSv0w/s0/naruto-truyentranhtuan-com-chap-698-trang-009.jpg",
                            "http://1.bp.blogspot.com/-JVrNLHaiFVc/VFDlvRnHxCI/AAAAAAAAP-w/FevQ5PuivAk/s0/naruto-truyentranhtuan-com-chap-698-trang-010.jpg",
                            "http://4.bp.blogspot.com/-20XV_bwgmJg/VFDlw7T4wyI/AAAAAAAAP-4/HukF6C6evWM/s0/naruto-truyentranhtuan-com-chap-698-trang-011.jpg",
                            "http://1.bp.blogspot.com/-95z9bfjb1Sw/VFDlx5idLKI/AAAAAAAAP_A/jnkfoqTcliE/s0/naruto-truyentranhtuan-com-chap-698-trang-012.jpg",
                            "http://4.bp.blogspot.com/-MQKHalrwqcI/VFDly3aRiLI/AAAAAAAAP_I/3kSgiEPcapo/s0/naruto-truyentranhtuan-com-chap-698-trang-013.jpg",
                            "http://3.bp.blogspot.com/-x6xNnV3pTss/VFDl0z43NnI/AAAAAAAAP_U/rccJZh2xFhI/s0/naruto-truyentranhtuan-com-chap-698-trang-014.jpg",
                            "http://3.bp.blogspot.com/-VSA8cACzfdg/VFDl1YduJyI/AAAAAAAAP_Y/jmsPm5KyrFo/s0/naruto-truyentranhtuan-com-chap-698-trang-015.jpg",
                            "http://4.bp.blogspot.com/-Rhm7E4Rg9kI/VFDl2eRE36I/AAAAAAAAP_g/hC-B2y2LuNM/s0/naruto-truyentranhtuan-com-chap-698-trang-016.jpg",
                            "http://2.bp.blogspot.com/-oTcRibaDZCk/VFDl34V1qfI/AAAAAAAAP_o/rMy1pxe2X9I/s0/naruto-truyentranhtuan-com-chap-698-trang-017.jpg",
                            "http://2.bp.blogspot.com/-jLCNGkqvIoM/VFDl5BKCLaI/AAAAAAAAP_w/sJGHLHhfXVs/s0/naruto-truyentranhtuan-com-chap-698-trang-018.jpg",
                            "http://1.bp.blogspot.com/-C6uMYEQURs0/VFDl6tMJeyI/AAAAAAAAP_4/3UvSVvYozQo/s0/naruto-truyentranhtuan-com-chap-698-trang-019.jpg",
                            "http://1.bp.blogspot.com/-C-It4KFpCPc/VFDl8LhyHYI/AAAAAAAAQAA/bSA19k_C63g/s0/naruto-truyentranhtuan-com-chap-698-trang-020.png",
                            "http://2.bp.blogspot.com/-gHnAosN7O4o/VFDl-N1PlQI/AAAAAAAAQAI/o9mySQ92-cA/s0/naruto-truyentranhtuan-com-chap-698-trang-021.jpg",
                            
                            
                            ],
                },
                {
                "chapterID":"NAR697",
                "imageURL":[
                            "http://3.bp.blogspot.com/-P31-Wt3ASkQ/VEjrjWg1MZI/AAAAAAAAPsM/Y99NUvJuGO0/s1600/naruto-truyentranhtuan-com-chap-697-trang-002.jpg",
                            "http://3.bp.blogspot.com/-ceqmz2NvbrU/VEjrjS85-_I/AAAAAAAAPsI/Qqn5wM2TK7A/s1600/naruto-truyentranhtuan-com-chap-697-trang-003.jpg",
                            "http://4.bp.blogspot.com/-nS8fpDFFzn8/VEjrk2iEvPI/AAAAAAAAPsU/pbrStraf6F4/s1600/naruto-truyentranhtuan-com-chap-697-trang-004.jpg",
                            "http://4.bp.blogspot.com/-BrLhlkKRPCw/VEjrm3Foc5I/AAAAAAAAPsc/s14d3Wmavas/s1600/naruto-truyentranhtuan-com-chap-697-trang-005.png",
                            "http://4.bp.blogspot.com/-eo8XZ6rB3pc/VEjrn0LAumI/AAAAAAAAPsk/Gj3lbJs2ipo/s1600/naruto-truyentranhtuan-com-chap-697-trang-006.jpg",
                            "http://2.bp.blogspot.com/-cggKEI4UlJY/VEnY7kXPuaI/AAAAAAAAP1A/KgAENwRF7mo/s1600/naruto-truyentranhtuan-com-chap-697-trang-006-5.jpg",
                            "http://1.bp.blogspot.com/-fiWuciqaZMc/VEjrpRHWysI/AAAAAAAAPss/fvpZzXTCmQk/s1600/naruto-truyentranhtuan-com-chap-697-trang-007.jpg",
                            "http://3.bp.blogspot.com/-MvLWv4SzPfY/VEjrrAHsbjI/AAAAAAAAPs0/vG7FTSoXnVg/s1600/naruto-truyentranhtuan-com-chap-697-trang-008.jpg",
                            "http://2.bp.blogspot.com/-Uo0qjTspr04/VEjrsijGGCI/AAAAAAAAPs8/3l6SByjaX_o/s1600/naruto-truyentranhtuan-com-chap-697-trang-009.jpg",
                            "http://1.bp.blogspot.com/-xXtyftSbYHM/VEjruQXHA-I/AAAAAAAAPtE/u1tDeMRb0GQ/s1600/naruto-truyentranhtuan-com-chap-697-trang-010.jpg",
                            "http://2.bp.blogspot.com/-aH1MuyW8mV0/VEjrwTwiCYI/AAAAAAAAPtM/9EHMICzwmsY/s1600/naruto-truyentranhtuan-com-chap-697-trang-011.jpg",
                            "http://2.bp.blogspot.com/-RjFpabAAl2k/VEjrx9MUQ7I/AAAAAAAAPtU/Lf7ZPCGV_TE/s1600/naruto-truyentranhtuan-com-chap-697-trang-012.jpg",
                            "http://4.bp.blogspot.com/-lpoDxhe9ZhM/VEjrzqYrPUI/AAAAAAAAPtc/vMeSmLJP9pQ/s1600/naruto-truyentranhtuan-com-chap-697-trang-013.jpg",
                            "http://3.bp.blogspot.com/-YcJJ6VAL_kc/VEjr1SZBvrI/AAAAAAAAPtk/ZgaEZj-8Vz0/s1600/naruto-truyentranhtuan-com-chap-697-trang-014.jpg",
                            "http://1.bp.blogspot.com/-ZX1GtPaUPVc/VEjr2rkqkOI/AAAAAAAAPts/SYcqo0eZH24/s1600/naruto-truyentranhtuan-com-chap-697-trang-015.jpg",
                            "http://1.bp.blogspot.com/-03Zp0g869ak/VEjr4NQjQCI/AAAAAAAAPt0/-JBg_tnr9cM/s1600/naruto-truyentranhtuan-com-chap-697-trang-016.jpg",
                            "http://1.bp.blogspot.com/--Ary7L2T9kY/VEjr5KrpXbI/AAAAAAAAPt8/TolqtSBKWjY/s1600/naruto-truyentranhtuan-com-chap-697-trang-017.png",
                            "http://4.bp.blogspot.com/-QoeHVg-XCbc/VEjr6abWbnI/AAAAAAAAPuE/4Srih15eZrA/s1600/naruto-truyentranhtuan-com-chap-697-trang-018.jpg",
                            
                            
                            ],
                },
                {
                "chapterID":"NAR696",
                "imageURL":[
                            "http://2.bp.blogspot.com/-MvDUmMJN64A/VD-sYTdTvMI/AAAAAAAAPfI/YoC5HdfRo78/s0/naruto-truyentranhtuan-com-chap-696-trang-002.jpg",
                            "http://1.bp.blogspot.com/-V879VvxfWls/VD-sXL06W-I/AAAAAAAAPfA/hyKg3eAc2Es/s0/naruto-truyentranhtuan-com-chap-696-trang-003.jpg",
                            "http://4.bp.blogspot.com/-Xi3wDOZrUBc/VD-sapyI5kI/AAAAAAAAPfQ/3go4beyhz2o/s0/naruto-truyentranhtuan-com-chap-696-trang-004.jpg",
                            "http://2.bp.blogspot.com/-k0gwk6O89Lo/VD-sec3SZPI/AAAAAAAAPfY/LjVXya1Y7Bw/s0/naruto-truyentranhtuan-com-chap-696-trang-005.png",
                            "http://2.bp.blogspot.com/-kHW45pN8eBA/VD-simI24oI/AAAAAAAAPfg/HPyYwRUpLMs/s0/naruto-truyentranhtuan-com-chap-696-trang-006.jpg",
                            "http://2.bp.blogspot.com/-VE2YacaCrGs/VD-smaVgXxI/AAAAAAAAPfo/IorIKBzdUu0/s0/naruto-truyentranhtuan-com-chap-696-trang-007.jpg",
                            "http://1.bp.blogspot.com/-GoUd0IZaE5U/VD-ss2-SSZI/AAAAAAAAPfw/8EQak1uGEjg/s0/naruto-truyentranhtuan-com-chap-696-trang-008.jpg",
                            "http://2.bp.blogspot.com/-UofGnO9Szmw/VD-sv1vUTpI/AAAAAAAAPf4/Dj5T5WjP0W4/s0/naruto-truyentranhtuan-com-chap-696-trang-009.jpg",
                            "http://3.bp.blogspot.com/-3B3LsZcLrns/VD-s0a7gh7I/AAAAAAAAPgA/WEsRtcUI0qk/s0/naruto-truyentranhtuan-com-chap-696-trang-010.jpg",
                            "http://3.bp.blogspot.com/-ygts2DT9-7s/VD-s5dwp3tI/AAAAAAAAPgI/JZx_1WLVGVs/s0/naruto-truyentranhtuan-com-chap-696-trang-011.jpg",
                            "http://3.bp.blogspot.com/-vXONgSvfI6I/VD-s83afw3I/AAAAAAAAPgQ/l1FsCsmC7cM/s0/naruto-truyentranhtuan-com-chap-696-trang-012.jpg",
                            "http://4.bp.blogspot.com/-_oqfmPOLlvM/VD-tBKnWskI/AAAAAAAAPgY/EYlcqmzohW4/s0/naruto-truyentranhtuan-com-chap-696-trang-013.jpg",
                            "http://4.bp.blogspot.com/-v_qLnxG0TK0/VD-tKtQU0wI/AAAAAAAAPgg/icRx3wzZ41U/s0/naruto-truyentranhtuan-com-chap-696-trang-014.jpg",
                            "http://1.bp.blogspot.com/-4-7WC18G8fA/VD-tNuzqhUI/AAAAAAAAPgo/fx4hqosp95g/s0/naruto-truyentranhtuan-com-chap-696-trang-015.jpg",
                            "http://4.bp.blogspot.com/-L5mh_9nGCbY/VD-tQplYcOI/AAAAAAAAPgw/2J5bYcInLZk/s0/naruto-truyentranhtuan-com-chap-696-trang-016.jpg",
                            "http://4.bp.blogspot.com/-HgEEkvV3nig/VD-tTk_p3uI/AAAAAAAAPg4/_Ru7kBVSL0U/s0/naruto-truyentranhtuan-com-chap-696-trang-017.png",
                            "http://1.bp.blogspot.com/-_xyPDsIKO80/VD-tWjmpUiI/AAAAAAAAPhA/yePPa-kre4I/s0/naruto-truyentranhtuan-com-chap-696-trang-018.jpg",
                            "http://4.bp.blogspot.com/-8Yj53Ho8zig/VD-tZBT0tQI/AAAAAAAAPhI/rXnEhZCH-1Q/s0/naruto-truyentranhtuan-com-chap-696-trang-019.jpg",
                            "http://3.bp.blogspot.com/-Zjr5EthhQOs/VD-tbrOX8BI/AAAAAAAAPhQ/U49bQv94PSg/s0/naruto-truyentranhtuan-com-chap-696-trang-020.jpg",
                            
                            
                            ],
                },
                {
                "chapterID":"NAR695",
                "imageURL":[
                            "http://2.bp.blogspot.com/-AtuhHANMY5A/VDUgcAH4g_I/AAAAAAAAPRE/eTlNm4EORPE/s0/naruto-truyentranhtuan-com-chap-695-trang-002.jpg",
                            "http://2.bp.blogspot.com/-HaGZuJfUuHc/VDUfUsytmVI/AAAAAAAAPOU/q0M4jrDjaDQ/s0/naruto-truyentranhtuan-com-chap-695-trang-003.jpg",
                            "http://2.bp.blogspot.com/-l-63vDQEFz8/VDUfWMOMRUI/AAAAAAAAPOc/XG5S_yRXkdc/s0/naruto-truyentranhtuan-com-chap-695-trang-004.jpg",
                            "http://4.bp.blogspot.com/-JVOT9Vs5Evg/VDUfYqth0sI/AAAAAAAAPOk/AJdFGzGPrmQ/s0/naruto-truyentranhtuan-com-chap-695-trang-005.png",
                            "http://3.bp.blogspot.com/-E-Xz5MSKJZQ/VDUfaUTQHHI/AAAAAAAAPOs/d7WJOxkz2eQ/s0/naruto-truyentranhtuan-com-chap-695-trang-006.jpg",
                            "http://4.bp.blogspot.com/-xJnkEb1-qyY/VDUfcC_8s0I/AAAAAAAAPO0/vi-aFpTj5Ts/s0/naruto-truyentranhtuan-com-chap-695-trang-007.jpg",
                            "http://4.bp.blogspot.com/-1XqLtgkQPfo/VDUfeD7R0RI/AAAAAAAAPO8/Ss85Y6PMA_o/s0/naruto-truyentranhtuan-com-chap-695-trang-008.jpg",
                            "http://2.bp.blogspot.com/-pqWJMqKG6g8/VDUfgMR4y2I/AAAAAAAAPPE/9caZYz-rxVM/s0/naruto-truyentranhtuan-com-chap-695-trang-009.jpg",
                            "http://1.bp.blogspot.com/-vKGAYl_w994/VDUfh3ZUOoI/AAAAAAAAPPM/VEWEAyxTP2g/s0/naruto-truyentranhtuan-com-chap-695-trang-010.jpg",
                            "http://3.bp.blogspot.com/-qBw9uDCVu84/VDUfjPKkvoI/AAAAAAAAPPU/_17XQq4upjs/s0/naruto-truyentranhtuan-com-chap-695-trang-011.jpg",
                            "http://1.bp.blogspot.com/-NjRiEOnkg9M/VDUflvg1m5I/AAAAAAAAPPc/f3VIC3GUze8/s0/naruto-truyentranhtuan-com-chap-695-trang-012.jpg",
                            "http://3.bp.blogspot.com/-FAWrnXkHpP4/VDUfnCyS29I/AAAAAAAAPPk/YWXXkJj0HgE/s0/naruto-truyentranhtuan-com-chap-695-trang-013.jpg",
                            "http://3.bp.blogspot.com/-XRNjSuQI6-k/VDUfo_rqnGI/AAAAAAAAPPs/10cc32VX0b0/s0/naruto-truyentranhtuan-com-chap-695-trang-014.jpg",
                            "http://3.bp.blogspot.com/-Sw1b_Qoo6Mc/VDUfqPTgu5I/AAAAAAAAPP0/I9kJAuLudiQ/s0/naruto-truyentranhtuan-com-chap-695-trang-015.jpg",
                            "http://3.bp.blogspot.com/-pwmE79RgQ_s/VDUfrryswNI/AAAAAAAAPP8/lNVBmPRyqTE/s0/naruto-truyentranhtuan-com-chap-695-trang-016.jpg",
                            "http://2.bp.blogspot.com/-uL56Opbn9tE/VDUftPNFA8I/AAAAAAAAPQE/vQ_4EZRgb6E/s0/naruto-truyentranhtuan-com-chap-695-trang-017.jpg",
                            "http://3.bp.blogspot.com/-ecV6C7Joqb4/VDUfuL0WiqI/AAAAAAAAPQM/cAZyxefH7pM/s0/naruto-truyentranhtuan-com-chap-695-trang-018.jpg",
                            "http://2.bp.blogspot.com/-nsGKjzzRBVY/VDUfvxTNPmI/AAAAAAAAPQU/cDgXkcIajQ0/s0/naruto-truyentranhtuan-com-chap-695-trang-019.jpg",
                            "http://2.bp.blogspot.com/-acpDwSLWKVM/VDUfxHmDicI/AAAAAAAAPQc/MMKfUyypIWE/s0/naruto-truyentranhtuan-com-chap-695-trang-020.jpg",
                            
                            
                            ],
                },
                
                
                {
                "chapterID":"OP792",
                "imageURL":[
                            "http://3.bp.blogspot.com/-KIdXsZjW7D4/VZTnVIvpfsI/AAAAAAAABmA/yIo12mLk5go/s0/one-piece-truyentranhtuan-com-chap-792-trang-001.jpg",
                            "http://2.bp.blogspot.com/-MbClD5B2reo/VZTnVGeZ68I/AAAAAAAABmQ/Bx9OyC48huY/s0/one-piece-truyentranhtuan-com-chap-792-trang-003.jpg",
                            "http://1.bp.blogspot.com/-yi_Qi10oe_A/VZTnV0Ev2aI/AAAAAAAABmw/bvoGFduYwb0/s0/one-piece-truyentranhtuan-com-chap-792-trang-004.png",
                            "http://2.bp.blogspot.com/-EbBifAxxoto/VZTnWMitFfI/AAAAAAAABmY/AeZ-jUBRSMs/s0/one-piece-truyentranhtuan-com-chap-792-trang-005.jpg",
                            "http://4.bp.blogspot.com/-TXCZyD9HAnA/VZTnWQAQPUI/AAAAAAAABmc/mWJqTmq9a50/s0/one-piece-truyentranhtuan-com-chap-792-trang-006.jpg",
                            "http://4.bp.blogspot.com/-v-PR1VWf7Uc/VZTnWzDXm-I/AAAAAAAABm4/uU4RkokjHEg/s0/one-piece-truyentranhtuan-com-chap-792-trang-007.jpg",
                            "http://4.bp.blogspot.com/-s19CBniemSM/VZTnXIBTb-I/AAAAAAAABnA/9vKw-Pom3no/s0/one-piece-truyentranhtuan-com-chap-792-trang-008.jpg",
                            "http://4.bp.blogspot.com/-faeckJ0n3eQ/VZTnXXoPYCI/AAAAAAAABms/yEGPXtDYq_g/s0/one-piece-truyentranhtuan-com-chap-792-trang-009.jpg",
                            "http://4.bp.blogspot.com/-PIDSEHy1kv4/VZTnYOVZhfI/AAAAAAAABnE/kNLharUTo5I/s0/one-piece-truyentranhtuan-com-chap-792-trang-010.jpg",
                            "http://2.bp.blogspot.com/--nOxfgyC6y0/VZTnYWkkPlI/AAAAAAAABno/L4z_pEUta_0/s0/one-piece-truyentranhtuan-com-chap-792-trang-011.jpg",
                            "http://4.bp.blogspot.com/-qSG73oPmtZY/VZTnYr9d1oI/AAAAAAAABnM/PkRZeiT44Ng/s0/one-piece-truyentranhtuan-com-chap-792-trang-012.jpg",
                            "http://2.bp.blogspot.com/-EBG-RthqKB0/VZTnZIpo5NI/AAAAAAAABnY/M0WAUWk8Hxs/s0/one-piece-truyentranhtuan-com-chap-792-trang-013.jpg",
                            "http://2.bp.blogspot.com/-9w1LT22YGEo/VZTnZSv4VCI/AAAAAAAABnc/7uBZfzDC7tI/s0/one-piece-truyentranhtuan-com-chap-792-trang-014.png",
                            "http://2.bp.blogspot.com/-rid5bBzo0_s/VZTnZ7gF92I/AAAAAAAABnw/64r8xm3im54/s0/one-piece-truyentranhtuan-com-chap-792-trang-015.jpg",
                            
                            
                            
                            
                            ],
                },
                {
                "chapterID":"OP791",
                "imageURL":[
                            "http://1.bp.blogspot.com/-WNmcpxgM4Ow/VYusxz9ekSI/AAAAAAAAV7Q/wzxyjNXc0SA/s0/one-piece-truyentranhtuan-com-chap-791-trang-001.jpg",
                            "http://4.bp.blogspot.com/-aesWkRYwukQ/VYusx0T70TI/AAAAAAAAV7M/4FSNbZW5nrE/s0/one-piece-truyentranhtuan-com-chap-791-trang-003.jpg",
                            "http://2.bp.blogspot.com/-upz76bDXtgk/VYuszCmXtjI/AAAAAAAAV9A/fGDi2xp_IGM/s0/one-piece-truyentranhtuan-com-chap-791-trang-004.jpg",
                            "http://3.bp.blogspot.com/-2qo2i38VIdg/VYuszW2o-bI/AAAAAAAAV7g/3wt_GpeoW3Q/s0/one-piece-truyentranhtuan-com-chap-791-trang-005.png",
                            "http://3.bp.blogspot.com/-brkSCAjUoUQ/VYuszqP1srI/AAAAAAAAV7o/lh6r20bQVA0/s0/one-piece-truyentranhtuan-com-chap-791-trang-006.jpg",
                            "http://1.bp.blogspot.com/-I1d8gPafoL4/VYus0RbkpNI/AAAAAAAAV84/riuLi_8zoFw/s0/one-piece-truyentranhtuan-com-chap-791-trang-007.jpg",
                            "http://4.bp.blogspot.com/-0NRwTvD-aFM/VYus0hbFzgI/AAAAAAAAV8U/E1mPRo27nZw/s0/one-piece-truyentranhtuan-com-chap-791-trang-008.jpg",
                            "http://1.bp.blogspot.com/-rdZCkiJXAf0/VYus0_AlY0I/AAAAAAAAV78/RC7nmkMIBwo/s0/one-piece-truyentranhtuan-com-chap-791-trang-009.jpg",
                            "http://1.bp.blogspot.com/-DA61-LJ2YNQ/VYus1jjeLcI/AAAAAAAAV8I/2gWZ3d3seI4/s0/one-piece-truyentranhtuan-com-chap-791-trang-010.jpg",
                            "http://3.bp.blogspot.com/-cMNQKNjh4AE/VYus1_SeDjI/AAAAAAAAV8E/2svWprWDAEM/s0/one-piece-truyentranhtuan-com-chap-791-trang-011.jpg",
                            "http://4.bp.blogspot.com/-AiSh3ZdXIqE/VYus2eKQNVI/AAAAAAAAV8M/kTVZoVXf8GM/s0/one-piece-truyentranhtuan-com-chap-791-trang-012.jpg",
                            "http://3.bp.blogspot.com/-669q-ddBsWU/VYus2qnKsNI/AAAAAAAAV8s/7q5UEuzf1Cc/s0/one-piece-truyentranhtuan-com-chap-791-trang-013.jpg",
                            "http://4.bp.blogspot.com/-8yHQqoqpGb8/VYus2yDucyI/AAAAAAAAV8g/bxscw8KBpyk/s0/one-piece-truyentranhtuan-com-chap-791-trang-014.jpg",
                            "http://3.bp.blogspot.com/-eT-61VwUBV4/VYus3ahv-jI/AAAAAAAAV80/VXepW5Xb23w/s0/one-piece-truyentranhtuan-com-chap-791-trang-015.png",
                            "http://4.bp.blogspot.com/-bVpFWJCcjlw/VYus4HQjm6I/AAAAAAAAV8w/-ogllfWDVCs/s0/one-piece-truyentranhtuan-com-chap-791-trang-016.jpg",
                            
                            
                            ],
                },
                {
                "chapterID":"OP790",
                "imageURL":[
                            "http://2.bp.blogspot.com/-Vt2AdrFHPvw/VYJ4ar43uHI/AAAAAAAAVu0/Cif02KHIl7w/s0/one-piece-truyentranhtuan-com-chap-790-trang-001.jpg",
                            "http://2.bp.blogspot.com/-wa6ihbTPRKI/VYJ4aMKjroI/AAAAAAAAVug/rxP8YbbEcD4/s0/one-piece-truyentranhtuan-com-chap-790-trang-003.jpg",
                            "http://1.bp.blogspot.com/-4M2RsTSkcUU/VYJ4bOohFDI/AAAAAAAAVu8/DyZiDAFEPqk/s0/one-piece-truyentranhtuan-com-chap-790-trang-004.png",
                            "http://2.bp.blogspot.com/-5dxNY2xlDGY/VYJ4bc886uI/AAAAAAAAVvM/w6paO1XnrZo/s0/one-piece-truyentranhtuan-com-chap-790-trang-005.jpg",
                            "http://1.bp.blogspot.com/-8OduFN2_g1s/VYJ4b-hGWaI/AAAAAAAAVvc/JWB0vqlgZr4/s0/one-piece-truyentranhtuan-com-chap-790-trang-006.jpg",
                            "http://3.bp.blogspot.com/-c4s7rCOJ_5o/VYJ4cKVP0hI/AAAAAAAAVvE/olQn9xoN4-g/s0/one-piece-truyentranhtuan-com-chap-790-trang-007.jpg",
                            "http://3.bp.blogspot.com/-UzrL61g4l88/VYJ4cRo-73I/AAAAAAAAVvU/3wkThJqcb3g/s0/one-piece-truyentranhtuan-com-chap-790-trang-008.jpg",
                            "http://3.bp.blogspot.com/-eaxS9CkVQY4/VYJ4dG6SJkI/AAAAAAAAVvk/baTbwevCT38/s0/one-piece-truyentranhtuan-com-chap-790-trang-009.jpg",
                            "http://2.bp.blogspot.com/-_A1ctX3yjCg/VYJ4dUp1jfI/AAAAAAAAVvs/sl3XWkfkeU4/s0/one-piece-truyentranhtuan-com-chap-790-trang-010.jpg",
                            "http://3.bp.blogspot.com/-6bP_Qr3gvDQ/VYJ4d4wyhpI/AAAAAAAAVvw/fGgO8GIFqCU/s0/one-piece-truyentranhtuan-com-chap-790-trang-011.jpg",
                            "http://4.bp.blogspot.com/-wqyz1ztXlrc/VYJ4ePXz6rI/AAAAAAAAVv0/Ogy9WNB_RGw/s0/one-piece-truyentranhtuan-com-chap-790-trang-012.jpg",
                            "http://3.bp.blogspot.com/-mAHyF9xPpZE/VYJ4e45hgKI/AAAAAAAAVwE/HgZmaM4ueC4/s0/one-piece-truyentranhtuan-com-chap-790-trang-013.jpg",
                            "http://4.bp.blogspot.com/-2vxjK3Wpbkk/VYJ4fCoUE9I/AAAAAAAAVwI/7eyPtMBiTk4/s0/one-piece-truyentranhtuan-com-chap-790-trang-014.jpg",
                            "http://1.bp.blogspot.com/-9Dw67ww8pnE/VYJ4fHAsqfI/AAAAAAAAVwM/zxTtMveXxrQ/s0/one-piece-truyentranhtuan-com-chap-790-trang-015.png",
                            "http://1.bp.blogspot.com/-7dxG9ciqBt8/VYJ4fwNQ9TI/AAAAAAAAVwU/N6mto1uL8sk/s0/one-piece-truyentranhtuan-com-chap-790-trang-016.jpg",
                            "http://1.bp.blogspot.com/-suwlmfVxovo/VYJ4hv3YVqI/AAAAAAAAVwc/r5DZdUwFn-I/s0/one-piece-truyentranhtuan-com-chap-790-trang-017.jpg",
                            
                            
                            
                            ],
                },
                {
                "chapterID":"OP699",
                "imageURL":[
                            "http://truyentranhtuan.com/manga/one-piece-nhom-truyentranhtuan-com/699/one-piece-003.jpg",
                            "http://truyentranhtuan.com/manga/one-piece-nhom-truyentranhtuan-com/699/one-piece-004.jpg",
                            "http://truyentranhtuan.com/manga/one-piece-nhom-truyentranhtuan-com/699/one-piece-005.jpg",
                            "http://truyentranhtuan.com/manga/one-piece-nhom-truyentranhtuan-com/699/one-piece-006.jpg",
                            "http://truyentranhtuan.com/manga/one-piece-nhom-truyentranhtuan-com/699/one-piece-007.jpg",
                            "http://truyentranhtuan.com/manga/one-piece-nhom-truyentranhtuan-com/699/one-piece-008.jpg",
                            "http://truyentranhtuan.com/manga/one-piece-nhom-truyentranhtuan-com/699/one-piece-009.jpg",
                            "http://truyentranhtuan.com/manga/one-piece-nhom-truyentranhtuan-com/699/one-piece-010.jpg",
                            "http://truyentranhtuan.com/manga/one-piece-nhom-truyentranhtuan-com/699/one-piece-011.jpg",
                            "http://truyentranhtuan.com/manga/one-piece-nhom-truyentranhtuan-com/699/one-piece-012.jpg",
                            "http://truyentranhtuan.com/manga/one-piece-nhom-truyentranhtuan-com/699/one-piece-013.jpg",
                            "http://truyentranhtuan.com/manga/one-piece-nhom-truyentranhtuan-com/699/one-piece-014.jpg",
                            "http://truyentranhtuan.com/manga/one-piece-nhom-truyentranhtuan-com/699/one-piece-015.jpg",
                            "http://truyentranhtuan.com/manga/one-piece-nhom-truyentranhtuan-com/699/one-piece-016.jpg",
                            "http://truyentranhtuan.com/manga/one-piece-nhom-truyentranhtuan-com/699/one-piece-017.jpg",
                            "http://truyentranhtuan.com/manga/one-piece-nhom-truyentranhtuan-com/699/one-piece-018.jpg",
                            "http://truyentranhtuan.com/manga/one-piece-nhom-truyentranhtuan-com/699/one-piece-019.jpg",
                            "http://truyentranhtuan.com/manga/one-piece-nhom-truyentranhtuan-com/699/one-piece-020.jpg",
                            
                            
                            ],
                },
                {
                "chapterID":"OP698",
                "imageURL":[
                            "http://truyentranhtuan.com/manga/one-piece-nhom-truyentranhtuan-com/698/one-piece-002.jpg",
                            "http://truyentranhtuan.com/manga/one-piece-nhom-truyentranhtuan-com/698/one-piece-003.jpg",
                            "http://truyentranhtuan.com/manga/one-piece-nhom-truyentranhtuan-com/698/one-piece-004.jpg",
                            "http://truyentranhtuan.com/manga/one-piece-nhom-truyentranhtuan-com/698/one-piece-005.jpg",
                            "http://truyentranhtuan.com/manga/one-piece-nhom-truyentranhtuan-com/698/one-piece-006.jpg",
                            "http://truyentranhtuan.com/manga/one-piece-nhom-truyentranhtuan-com/698/one-piece-007.jpg",
                            "http://truyentranhtuan.com/manga/one-piece-nhom-truyentranhtuan-com/698/one-piece-008.jpg",
                            "http://truyentranhtuan.com/manga/one-piece-nhom-truyentranhtuan-com/698/one-piece-009.jpg",
                            "http://truyentranhtuan.com/manga/one-piece-nhom-truyentranhtuan-com/698/one-piece-010.jpg",
                            "http://truyentranhtuan.com/manga/one-piece-nhom-truyentranhtuan-com/698/one-piece-011.jpg",
                            "http://truyentranhtuan.com/manga/one-piece-nhom-truyentranhtuan-com/698/one-piece-012.jpg",
                            "http://truyentranhtuan.com/manga/one-piece-nhom-truyentranhtuan-com/698/one-piece-013.jpg",
                            "http://truyentranhtuan.com/manga/one-piece-nhom-truyentranhtuan-com/698/one-piece-014.jpg",
                            "http://truyentranhtuan.com/manga/one-piece-nhom-truyentranhtuan-com/698/one-piece-015.jpg",
                            "http://truyentranhtuan.com/manga/one-piece-nhom-truyentranhtuan-com/698/one-piece-016.jpg",
                            "http://truyentranhtuan.com/manga/one-piece-nhom-truyentranhtuan-com/698/one-piece-017.jpg",
                            "http://truyentranhtuan.com/manga/one-piece-nhom-truyentranhtuan-com/698/one-piece-018.jpg",
                            "http://truyentranhtuan.com/manga/one-piece-nhom-truyentranhtuan-com/698/one-piece-019.jpg",
                            "http://truyentranhtuan.com/manga/one-piece-nhom-truyentranhtuan-com/698/one-piece-020.jpg",
                            
                            
                            
                            ],
                },
                {
                "chapterID":"OP697",
                "imageURL":[
                            "http://truyentranhtuan.com/manga/one-piece-nhom-truyentranhtuan-com/697/one-piece-002.jpg",
                            "http://truyentranhtuan.com/manga/one-piece-nhom-truyentranhtuan-com/697/one-piece-003.jpg",
                            "http://truyentranhtuan.com/manga/one-piece-nhom-truyentranhtuan-com/697/one-piece-004.jpg",
                            "http://truyentranhtuan.com/manga/one-piece-nhom-truyentranhtuan-com/697/one-piece-005.jpg",
                            "http://truyentranhtuan.com/manga/one-piece-nhom-truyentranhtuan-com/697/one-piece-006.jpg",
                            "http://truyentranhtuan.com/manga/one-piece-nhom-truyentranhtuan-com/697/one-piece-007.jpg",
                            "http://truyentranhtuan.com/manga/one-piece-nhom-truyentranhtuan-com/697/one-piece-008.jpg",
                            "http://truyentranhtuan.com/manga/one-piece-nhom-truyentranhtuan-com/697/one-piece-009.jpg",
                            "http://truyentranhtuan.com/manga/one-piece-nhom-truyentranhtuan-com/697/one-piece-010.jpg",
                            "http://truyentranhtuan.com/manga/one-piece-nhom-truyentranhtuan-com/697/one-piece-011.jpg",
                            "http://truyentranhtuan.com/manga/one-piece-nhom-truyentranhtuan-com/697/one-piece-012.jpg",
                            "http://truyentranhtuan.com/manga/one-piece-nhom-truyentranhtuan-com/697/one-piece-013.jpg",
                            "http://truyentranhtuan.com/manga/one-piece-nhom-truyentranhtuan-com/697/one-piece-014.jpg",
                            "http://truyentranhtuan.com/manga/one-piece-nhom-truyentranhtuan-com/697/one-piece-015.jpg",
                            "http://truyentranhtuan.com/manga/one-piece-nhom-truyentranhtuan-com/697/one-piece-016.jpg",
                            "http://truyentranhtuan.com/manga/one-piece-nhom-truyentranhtuan-com/697/one-piece-017.jpg",
                            "http://truyentranhtuan.com/manga/one-piece-nhom-truyentranhtuan-com/697/one-piece-018.jpg",
                            "http://truyentranhtuan.com/manga/one-piece-nhom-truyentranhtuan-com/697/one-piece-019.jpg",
                            "http://truyentranhtuan.com/manga/one-piece-nhom-truyentranhtuan-com/697/one-piece-020.jpg",
                            "http://truyentranhtuan.com/manga/one-piece-nhom-truyentranhtuan-com/697/one-piece-021.jpg",
                            
                            
                            ],
                },
                {
                "chapterID":"BLE633",
                "imageURL":[
                            "http://2.bp.blogspot.com/-RzD0KAOCCgg/VZUDL6uJIlI/AAAAAAAABok/blv6IUrlvxA/s0/bleach-truyentranhtuan-com-chap-633-trang-001.png",
                            "http://4.bp.blogspot.com/-9d8oDrMOKsA/VZUDL8zDOBI/AAAAAAAABoc/DwDBNwcDnlY/s0/bleach-truyentranhtuan-com-chap-633-trang-003.jpg",
                            "http://3.bp.blogspot.com/-Whn9QkILGtE/VZUDMiXBV-I/AAAAAAAABpA/BVKl-KBknXw/s0/bleach-truyentranhtuan-com-chap-633-trang-004.jpg",
                            "http://1.bp.blogspot.com/-pUXtYnDm3uQ/VZUDMnMtxUI/AAAAAAAABo4/esftrlT2Rps/s0/bleach-truyentranhtuan-com-chap-633-trang-005.jpg",
                            "http://3.bp.blogspot.com/-4fdsGDWljvo/VZUDNNXuZSI/AAAAAAAABo8/pPGsi4JVwDc/s0/bleach-truyentranhtuan-com-chap-633-trang-006.jpg",
                            "http://1.bp.blogspot.com/-6ZXQRuBJk5I/VZUDNyQ5qfI/AAAAAAAABpg/Ap-ZKBGdB2Y/s0/bleach-truyentranhtuan-com-chap-633-trang-007.jpg",
                            "http://3.bp.blogspot.com/-gHndfKeZwSQ/VZUDNwi1wsI/AAAAAAAABpY/p7IftZSMgNo/s0/bleach-truyentranhtuan-com-chap-633-trang-008.jpg",
                            "http://2.bp.blogspot.com/-wq-LBWvGJoE/VZUDOZplypI/AAAAAAAABpQ/rTILo4y699A/s0/bleach-truyentranhtuan-com-chap-633-trang-009.jpg",
                            "http://4.bp.blogspot.com/--TwP3yrz1t8/VZUDPJiOCVI/AAAAAAAABpk/a1iaZHeXFV0/s0/bleach-truyentranhtuan-com-chap-633-trang-010.jpg",
                            "http://1.bp.blogspot.com/-fGUh_EzALB4/VZUDPbaZuCI/AAAAAAAABps/cqk0awCVfc0/s0/bleach-truyentranhtuan-com-chap-633-trang-011.jpg",
                            "http://2.bp.blogspot.com/-1Zy4mzz5B-g/VZUDPf_hThI/AAAAAAAABqQ/TFmaFakmhSo/s0/bleach-truyentranhtuan-com-chap-633-trang-012.jpg",
                            "http://2.bp.blogspot.com/-L17GdYRzAho/VZUDP3nQ5XI/AAAAAAAABp0/YP2lucCVdV8/s0/bleach-truyentranhtuan-com-chap-633-trang-013.jpg",
                            "http://4.bp.blogspot.com/-hVu7npAYRtc/VZUDQJl4-wI/AAAAAAAABp8/wPRBSO4NhtY/s0/bleach-truyentranhtuan-com-chap-633-trang-014.jpg",
                            "http://4.bp.blogspot.com/-fHZRQnN7y4A/VZUDQgiRl7I/AAAAAAAABqE/wCAzDnDdxKg/s0/bleach-truyentranhtuan-com-chap-633-trang-015.png",
                            "http://4.bp.blogspot.com/-2JK4rMNfLwA/VZUDQ3HWsmI/AAAAAAAABqM/5zQkygVQQkc/s0/bleach-truyentranhtuan-com-chap-633-trang-016.jpg",
                            "http://4.bp.blogspot.com/-vgGz9eORNiY/VZUDRekb-lI/AAAAAAAABqo/uWNPsryuLeg/s0/bleach-truyentranhtuan-com-chap-633-trang-017.jpg",
                            "http://1.bp.blogspot.com/-IMIs_DAZpxY/VZUDRjvvR-I/AAAAAAAABqg/8Mg3gnmzViw/s0/bleach-truyentranhtuan-com-chap-633-trang-018.jpg",
                            
                            
                            
                            ],
                },
                {
                "chapterID":"BLE632",
                "imageURL":[
                            "http://1.bp.blogspot.com/-M0iOgrHAeyU/VYvFlmLViNI/AAAAAAAABOo/aZ9iGpUZuko/s0/bleach-truyentranhtuan-com-chap-632-trang-001.jpg",
                            "http://4.bp.blogspot.com/-UHMr0OsiEic/VYvFlpSd2zI/AAAAAAAABOg/1E3xRN3cYEc/s0/bleach-truyentranhtuan-com-chap-632-trang-003.png",
                            "http://4.bp.blogspot.com/-5uOZmS-XUXY/VYvFmTr-dKI/AAAAAAAABOw/tdyiqXUZ0HI/s0/bleach-truyentranhtuan-com-chap-632-trang-004.jpg",
                            "http://4.bp.blogspot.com/-cji-698WqYc/VYvFmspp_yI/AAAAAAAABO0/nqA_hkaXbxs/s0/bleach-truyentranhtuan-com-chap-632-trang-005.jpg",
                            "http://3.bp.blogspot.com/-dDQXin3nOxE/VYvFm4bXsSI/AAAAAAAABPA/ygCZpjrPlFU/s0/bleach-truyentranhtuan-com-chap-632-trang-006.jpg",
                            "http://4.bp.blogspot.com/-ZjoKUGVJUtU/VYvFnGmAPWI/AAAAAAAABPU/UeAHyP8y0jw/s0/bleach-truyentranhtuan-com-chap-632-trang-007.jpg",
                            "http://2.bp.blogspot.com/-kptm4uaGYK8/VYvFng5UDXI/AAAAAAAABPI/na3_XesVSrE/s0/bleach-truyentranhtuan-com-chap-632-trang-008.jpg",
                            "http://2.bp.blogspot.com/-NqRzdiTgLlg/VYvFn4QQn7I/AAAAAAAABPY/0xD805653qk/s0/bleach-truyentranhtuan-com-chap-632-trang-009.jpg",
                            "http://3.bp.blogspot.com/-ckSW0ZDwYxQ/VYvFoZMVfNI/AAAAAAAABPc/XOvNdbTQg6g/s0/bleach-truyentranhtuan-com-chap-632-trang-010.jpg",
                            "http://3.bp.blogspot.com/-AnK5yfDrOiU/VYvFpFFhLMI/AAAAAAAABP0/vCd5GmJzPPU/s0/bleach-truyentranhtuan-com-chap-632-trang-011.jpg",
                            "http://3.bp.blogspot.com/-rFmA9nRiX2Y/VYvFpZtfGbI/AAAAAAAABPs/87iBCmG5DhQ/s0/bleach-truyentranhtuan-com-chap-632-trang-012.jpg",
                            "http://4.bp.blogspot.com/-snt-QppVNdI/VYvFpec8IoI/AAAAAAAABQw/mhR6uQZEAs8/s0/bleach-truyentranhtuan-com-chap-632-trang-013.jpg",
                            "http://1.bp.blogspot.com/-Zkln681orYY/VYvFqBQa1cI/AAAAAAAABQA/9efpsHgqW3M/s0/bleach-truyentranhtuan-com-chap-632-trang-014.jpg",
                            "http://4.bp.blogspot.com/-_RvQTya4ES8/VYvFqlZTUpI/AAAAAAAABQM/OUs5JH4L7DE/s0/bleach-truyentranhtuan-com-chap-632-trang-015.jpg",
                            "http://3.bp.blogspot.com/-Va8vcrCHSU8/VYvFqrdigPI/AAAAAAAABQQ/oeLFiNuDzoo/s0/bleach-truyentranhtuan-com-chap-632-trang-016.png",
                            "http://2.bp.blogspot.com/-thvzDmfqfkU/VYvFrPiM3mI/AAAAAAAABQU/gsLx5M5fV2g/s0/bleach-truyentranhtuan-com-chap-632-trang-017.jpg",
                            "http://2.bp.blogspot.com/-YUUie8644Gc/VYvFrWzaOoI/AAAAAAAABQc/BepcTobOCBA/s0/bleach-truyentranhtuan-com-chap-632-trang-018.jpg",
                            
                            
                            
                            ],
                },
                {
                "chapterID":"BLE631",
                "imageURL":[
                            "http://3.bp.blogspot.com/-R3WDwmWcfZM/VYKOF4N43ZI/AAAAAAAAVxA/IR9oZnVO4wE/s0/bleach-truyentranhtuan-com-chap-631-trang-001.jpg",
                            "http://1.bp.blogspot.com/-mSiirL5bagI/VYKOGMJafjI/AAAAAAAAVxE/NJktEgru-_o/s0/bleach-truyentranhtuan-com-chap-631-trang-003.jpg",
                            "http://3.bp.blogspot.com/-TinOmcgxBgM/VYKOGuF0HmI/AAAAAAAAVxU/cPOb2FvpSwU/s0/bleach-truyentranhtuan-com-chap-631-trang-004.jpg",
                            "http://3.bp.blogspot.com/-iV47_eQsP7c/VYKOG8Xt4PI/AAAAAAAAVxk/OT5jsLolCwk/s0/bleach-truyentranhtuan-com-chap-631-trang-005.jpg",
                            "http://3.bp.blogspot.com/-ovvnTp_8_JQ/VYKOHMJ91zI/AAAAAAAAVxc/3AYpqiznCF4/s0/bleach-truyentranhtuan-com-chap-631-trang-006.jpg",
                            "http://2.bp.blogspot.com/-Aw-4rC12a_I/VYKOHqNkuhI/AAAAAAAAVxo/12VfqBqGpEU/s0/bleach-truyentranhtuan-com-chap-631-trang-007.jpg",
                            "http://3.bp.blogspot.com/-_KEPo6Moo2s/VYKOHxDDQrI/AAAAAAAAVx4/mAhb2NTaSTk/s0/bleach-truyentranhtuan-com-chap-631-trang-008.jpg",
                            "http://3.bp.blogspot.com/-HOnsotgcl0Y/VYKOIM7D7BI/AAAAAAAAVyE/31xuMax-yQI/s0/bleach-truyentranhtuan-com-chap-631-trang-009.jpg",
                            "http://4.bp.blogspot.com/-594Dlqz99a4/VYKOIjZoTBI/AAAAAAAAVyY/91jEXnfQ6Qw/s0/bleach-truyentranhtuan-com-chap-631-trang-010.jpg",
                            "http://2.bp.blogspot.com/-zxe0PweeLNQ/VYKOI6CGxxI/AAAAAAAAVyA/KVJvI9dKzvE/s0/bleach-truyentranhtuan-com-chap-631-trang-011.jpg",
                            "http://3.bp.blogspot.com/-7ENtvPpXBiA/VYKOJYkgH8I/AAAAAAAAVyQ/CDgfTylVlU8/s0/bleach-truyentranhtuan-com-chap-631-trang-012.jpg",
                            "http://2.bp.blogspot.com/-HmHGGa6tdkI/VYKOJpMVDNI/AAAAAAAAVyo/A3tNAMEwrwk/s0/bleach-truyentranhtuan-com-chap-631-trang-013.jpg",
                            "http://2.bp.blogspot.com/-OSVt5P2N9c8/VYKOJ5cPgUI/AAAAAAAAVzI/8ev5m9kajqM/s0/bleach-truyentranhtuan-com-chap-631-trang-014.jpg",
                            "http://2.bp.blogspot.com/-xx0o37Xvgc8/VYKOKFf79hI/AAAAAAAAVyg/TAIrdYQxsec/s0/bleach-truyentranhtuan-com-chap-631-trang-015.jpg",
                            "http://4.bp.blogspot.com/-WfRq25mgqYA/VYKOK_YEwYI/AAAAAAAAVys/brBlt24e3kE/s0/bleach-truyentranhtuan-com-chap-631-trang-016.jpg",
                            "http://2.bp.blogspot.com/-m4BmWVA2c78/VYKOLMkLRJI/AAAAAAAAVzA/OHSDVWHgKI8/s0/bleach-truyentranhtuan-com-chap-631-trang-017.png",
                            "http://4.bp.blogspot.com/-JaYDoOp5rCo/VYKOLGGu5LI/AAAAAAAAVy0/Q9wpYyF8Hs8/s0/bleach-truyentranhtuan-com-chap-631-trang-018.jpg",
                            
                            
                            ],
                },
                {
                "chapterID":"BLE630",
                "imageURL":[
                            "http://2.bp.blogspot.com/-Lzx5A8L1kxs/VXlzSQRvOdI/AAAAAAAAAxY/4DdH6zscjuQ/s1600/bleach-truyentranhtuan-com-chap-630-trang-001.jpg",
                            "http://1.bp.blogspot.com/--9KgTdUjwdA/VXlzSZXOqhI/AAAAAAAAAxU/eaTqIRHuYU4/s1600/bleach-truyentranhtuan-com-chap-630-trang-003.png",
                            "http://2.bp.blogspot.com/-mQxNBgZHm3Q/VXlzTONh7LI/AAAAAAAAAxc/hY4Vm42mgPo/s1600/bleach-truyentranhtuan-com-chap-630-trang-004.jpg",
                            "http://2.bp.blogspot.com/-89jSzCT7Ops/VXlzTnWKg8I/AAAAAAAAAxw/xdM_uf57oFk/s1600/bleach-truyentranhtuan-com-chap-630-trang-005.jpg",
                            "http://2.bp.blogspot.com/-EFqpzFXzQZw/VXlzTsdAmMI/AAAAAAAAAxs/ApSszVCavr4/s1600/bleach-truyentranhtuan-com-chap-630-trang-006.jpg",
                            "http://1.bp.blogspot.com/-YRez0bVhcOo/VXlzUFEXS9I/AAAAAAAAAx8/xvfYoQ-C200/s1600/bleach-truyentranhtuan-com-chap-630-trang-007.jpg",
                            "http://3.bp.blogspot.com/-tBc3fIO0PqE/VXlzU-t5rQI/AAAAAAAAAyI/GBYFnzYTBMQ/s1600/bleach-truyentranhtuan-com-chap-630-trang-008.jpg",
                            "http://2.bp.blogspot.com/-YqDo0HrXcLw/VXlzVBeYB7I/AAAAAAAAAyE/P74BERcRpoc/s1600/bleach-truyentranhtuan-com-chap-630-trang-009.jpg",
                            "http://1.bp.blogspot.com/-p80Jj1XqJiw/VXlzVjdLOmI/AAAAAAAAAyM/2HYc5tnlVps/s1600/bleach-truyentranhtuan-com-chap-630-trang-010.jpg",
                            "http://3.bp.blogspot.com/-Pv3Gm25CBn0/VXlzWDAxx8I/AAAAAAAAAyU/Fv15M4Hkj7M/s1600/bleach-truyentranhtuan-com-chap-630-trang-011.jpg",
                            "http://1.bp.blogspot.com/-EkndE2jUnGc/VXlzWKp5VWI/AAAAAAAAAyY/dFtVv9Y5kEk/s1600/bleach-truyentranhtuan-com-chap-630-trang-012.jpg",
                            "http://4.bp.blogspot.com/-BotnPzI4Hyg/VXlzWeeUoKI/AAAAAAAAAyc/Ey68anIKGEY/s1600/bleach-truyentranhtuan-com-chap-630-trang-013.jpg",
                            "http://4.bp.blogspot.com/-CZHjTIkhxjA/VXlzW29uJ-I/AAAAAAAAAyo/EwdmAd8fCmI/s1600/bleach-truyentranhtuan-com-chap-630-trang-014.jpg",
                            "http://3.bp.blogspot.com/-RPM0gNOVAiQ/VXlzXH9isdI/AAAAAAAAAys/5LXfJlXNtrQ/s1600/bleach-truyentranhtuan-com-chap-630-trang-015.jpg",
                            "http://3.bp.blogspot.com/-E7Dup0utuh4/VXlzXTlcBQI/AAAAAAAAAyw/nDLtUvA79zk/s1600/bleach-truyentranhtuan-com-chap-630-trang-016.jpg",
                            "http://4.bp.blogspot.com/-mHvcTMSkWmU/VXlzXs3LgZI/AAAAAAAAAy4/PrdXv1acLlA/s1600/bleach-truyentranhtuan-com-chap-630-trang-017.jpg",
                            "http://3.bp.blogspot.com/-Cx8lAc4hm8U/VXlzX7gcJcI/AAAAAAAAAzA/FCCkmsoJpek/s1600/bleach-truyentranhtuan-com-chap-630-trang-018.jpg",
                            
                            
                            
                            ],
                },
                {
                "chapterID":"BLE629",
                "imageURL":[
                            "http://1.bp.blogspot.com/-TbPZvUNiB54/VXAoMSq7RLI/AAAAAAAAViY/d1_HqpbpKug/s0/bleach-truyentranhtuan-com-chap-629-trang-001.png",
                            "http://1.bp.blogspot.com/-YZEeNYwECSU/VXAoMtoFqaI/AAAAAAAAVgI/FDvatTvc2kA/s0/bleach-truyentranhtuan-com-chap-629-trang-003.jpg",
                            "http://4.bp.blogspot.com/-LzOkWqqQurU/VXAoNAkt93I/AAAAAAAAViQ/_WKlK4kd0T8/s0/bleach-truyentranhtuan-com-chap-629-trang-004.jpg",
                            "http://4.bp.blogspot.com/-76v72fmDBg0/VXAoNcZ1FJI/AAAAAAAAVgY/beImpdrChGc/s0/bleach-truyentranhtuan-com-chap-629-trang-005.jpg",
                            "http://3.bp.blogspot.com/-x12RPzbvToQ/VXAoN4jnh6I/AAAAAAAAViI/rEUeTsuh9uQ/s0/bleach-truyentranhtuan-com-chap-629-trang-007.jpg",
                            "http://4.bp.blogspot.com/-2KycFGGC4FU/VXAoOMJs1AI/AAAAAAAAVgo/rxU-spOMqy4/s0/bleach-truyentranhtuan-com-chap-629-trang-008.jpg",
                            "http://3.bp.blogspot.com/-iiA4JPlvAQI/VXAoOh16wgI/AAAAAAAAViE/ICi_QUWhm4E/s0/bleach-truyentranhtuan-com-chap-629-trang-009.jpg",
                            "http://1.bp.blogspot.com/-HdTK3jKLYq8/VXAoOwLuF0I/AAAAAAAAViA/j4fPO23fSYg/s0/bleach-truyentranhtuan-com-chap-629-trang-010.jpg",
                            "http://3.bp.blogspot.com/-orZB9nhcwfE/VXAoO79mNBI/AAAAAAAAVh8/vd1BRlZf-Hc/s0/bleach-truyentranhtuan-com-chap-629-trang-011.jpg",
                            "http://4.bp.blogspot.com/-3HHk2ImPuqc/VXAoPfSxpGI/AAAAAAAAVg4/RWYjLV-AXwE/s0/bleach-truyentranhtuan-com-chap-629-trang-012.jpg",
                            "http://4.bp.blogspot.com/-DaZV5Z_3QyM/VXAoPSO06jI/AAAAAAAAVhw/JWp-sqseq9I/s0/bleach-truyentranhtuan-com-chap-629-trang-013.jpg",
                            "http://1.bp.blogspot.com/-Esoxnre_ogY/VXAoPohVXuI/AAAAAAAAVhU/hJ0rmPSvem8/s0/bleach-truyentranhtuan-com-chap-629-trang-014.jpg",
                            "http://3.bp.blogspot.com/-Z1azQFklC8w/VXAoQGp9XyI/AAAAAAAAVhI/BjNQAJclmxQ/s0/bleach-truyentranhtuan-com-chap-629-trang-015.jpg",
                            "http://4.bp.blogspot.com/-CW1oz5c77mE/VXAoQVcZHMI/AAAAAAAAVhQ/1ZDYVreR4jI/s0/bleach-truyentranhtuan-com-chap-629-trang-016.png",
                            "http://3.bp.blogspot.com/-jkD7xXvX6C8/VXAoQaZ-1HI/AAAAAAAAVhs/516aeCa38pE/s0/bleach-truyentranhtuan-com-chap-629-trang-017.jpg",
                            "http://1.bp.blogspot.com/-tnF89mugJZU/VXAoQ52xrEI/AAAAAAAAVhg/X_qPC2nxXvU/s0/bleach-truyentranhtuan-com-chap-629-trang-018.jpg",
                            
                            
                            ],
                },
                {
                "chapterID":"BLE628",
                "imageURL":[
                            "http://1.bp.blogspot.com/-ZEAx2IfbEjw/VWb7DezhLaI/AAAAAAAAVU8/IMvwob9XVtc/s0/bleach-truyentranhtuan-com-chap-628-trang-001.jpg",
                            "http://3.bp.blogspot.com/-myQdEUaEfVI/VWb7DYFJQRI/AAAAAAAAVU4/aieEmCt578o/s0/bleach-truyentranhtuan-com-chap-628-trang-003.png",
                            "http://2.bp.blogspot.com/--AlqJQiaEC0/VWb7Dx9-YKI/AAAAAAAAVTI/Dge5b9whraE/s0/bleach-truyentranhtuan-com-chap-628-trang-004.jpg",
                            "http://4.bp.blogspot.com/-jicuhdFUe5k/VWb7EOL7YaI/AAAAAAAAVTQ/gbzSjb42-vA/s0/bleach-truyentranhtuan-com-chap-628-trang-005.jpg",
                            "http://3.bp.blogspot.com/-cbeORvVCKP4/VWb7EZuUB3I/AAAAAAAAVTc/Q6Z1fxvUSZI/s0/bleach-truyentranhtuan-com-chap-628-trang-006.jpg",
                            "http://3.bp.blogspot.com/-t6l03qGZ_Ho/VWb7EvLSv5I/AAAAAAAAVTg/7xyY6a2g0EI/s0/bleach-truyentranhtuan-com-chap-628-trang-007.jpg",
                            "http://1.bp.blogspot.com/-nP8SjtNsLko/VWb7FetfEHI/AAAAAAAAVTk/7J6_lB_IBGE/s0/bleach-truyentranhtuan-com-chap-628-trang-008.jpg",
                            "http://1.bp.blogspot.com/-v_eNw3GRZ4o/VWb7FoF7OvI/AAAAAAAAVTs/Sx_pz5GLQdY/s0/bleach-truyentranhtuan-com-chap-628-trang-009.jpg",
                            "http://4.bp.blogspot.com/-eTQzuygAbmY/VWb7GIIkBHI/AAAAAAAAVT4/s0CdOBSHSgw/s0/bleach-truyentranhtuan-com-chap-628-trang-010.jpg",
                            "http://3.bp.blogspot.com/-dV8nlpFk7mM/VWb7GMp00nI/AAAAAAAAVUM/YTMrPQ5fMaU/s0/bleach-truyentranhtuan-com-chap-628-trang-011.jpg",
                            "http://1.bp.blogspot.com/-0BBmHd-44tg/VWb7GWV7FBI/AAAAAAAAVUA/CP7QVvJsDmQ/s0/bleach-truyentranhtuan-com-chap-628-trang-012.jpg",
                            "http://1.bp.blogspot.com/-XtJ520oDiM8/VWb7G4dAi4I/AAAAAAAAVUI/kxcCpGb4288/s0/bleach-truyentranhtuan-com-chap-628-trang-013.jpg",
                            "http://3.bp.blogspot.com/-MlWlF_jrXoE/VWb7HgZLcNI/AAAAAAAAVUU/wstMJQzet3c/s0/bleach-truyentranhtuan-com-chap-628-trang-014.jpg",
                            "http://4.bp.blogspot.com/-0dOnDCknUxA/VWb7H3r5zNI/AAAAAAAAVUw/tHB_EQ8VOjk/s0/bleach-truyentranhtuan-com-chap-628-trang-015.png",
                            "http://4.bp.blogspot.com/-5pgG9weqROA/VWb7IGmWRjI/AAAAAAAAVUg/nBdsVKHVchk/s0/bleach-truyentranhtuan-com-chap-628-trang-016.jpg",
                            "http://2.bp.blogspot.com/-3uof-IyZy4U/VWb7Ib2swzI/AAAAAAAAVUo/ksQQMEgrCxI/s0/bleach-truyentranhtuan-com-chap-628-trang-017.jpg",
                            
                            ],
                },
                
                
                
                
                
                ]
}