{
    "naruto":[
                   {
              "chap_name":"Naruto chap 700",
              "chap_url" :"http://truyentranhtuan.com/naruto-chuong-700/",
              "image_urls":[
                            "http://4.bp.blogspot.com/-l3s5k_YNw5U/VFuE27DPpRI/AAAAAAAAQPw/gfBAoxdrci8/s0/naruto-truyentranhtuan-com-chap-700-trang-001.jpg",
                            "http://4.bp.blogspot.com/-zyMJuBvJTCc/VHXJTco0u6I/AAAAAAAARBo/JB2hlUia8LU/s0/naruto-truyentranhtuan-com-chap-700-trang-002.jpg",
                            "http://1.bp.blogspot.com/-53tapLInur4/VFuE1-8YWJI/AAAAAAAAQPo/luuI6k990ig/s0/naruto-truyentranhtuan-com-chap-700-trang-003.jpg",
                            "http://3.bp.blogspot.com/--mCxbiUtNj8/VHXJTTagsfI/AAAAAAAARBg/rh1u_3inqLo/s0/naruto-truyentranhtuan-com-chap-700-trang-004.jpg",
                            "http://1.bp.blogspot.com/-MSHTa-3OrpU/VFuE7HVxC2I/AAAAAAAAQQA/seLz-ayF7tE/s0/naruto-truyentranhtuan-com-chap-700-trang-005.jpg",
                            "http://4.bp.blogspot.com/-K8A13Wj626c/VFuE9NaAc3I/AAAAAAAAQQI/jMzd41uI_ng/s0/naruto-truyentranhtuan-com-chap-700-trang-006.jpg",
                            "http://3.bp.blogspot.com/-fpfFkueD5xk/VFuE-1KaaNI/AAAAAAAAQQQ/tYkJS7wwdeQ/s0/naruto-truyentranhtuan-com-chap-700-trang-007.jpg",
                            "http://4.bp.blogspot.com/-VGtGEWOMe60/VFuFBAc8pZI/AAAAAAAAQQY/qktYCt8pKEs/s0/naruto-truyentranhtuan-com-chap-700-trang-008.jpg",
                            "http://1.bp.blogspot.com/-_y2cONGq-Gc/VFuFC0U_TMI/AAAAAAAAQQg/hlVhCHHcSmQ/s0/naruto-truyentranhtuan-com-chap-700-trang-009.jpg",
                            "http://3.bp.blogspot.com/-cxMm1fWRGgw/VFuFE7VI1wI/AAAAAAAAQQo/kEwAu8hbyGw/s0/naruto-truyentranhtuan-com-chap-700-trang-010.jpg",
                            "http://1.bp.blogspot.com/-rPjvgIZkO00/VFuGqZpTJ1I/AAAAAAAAQSs/n4XeiSePDSM/s0/naruto-truyentranhtuan-com-chap-700-trang-011.jpg",
                            "http://4.bp.blogspot.com/-FbVvkjg-7ug/VFuFIopEWFI/AAAAAAAAQQ4/7s47gfXTF60/s0/naruto-truyentranhtuan-com-chap-700-trang-012.jpg",
                            "http://4.bp.blogspot.com/-f25DjzsKlrE/VFuFLDv3edI/AAAAAAAAQRA/ngJ2aUWCRTc/s0/naruto-truyentranhtuan-com-chap-700-trang-013.jpg",
                            "http://2.bp.blogspot.com/-vAV8d7EcHKs/VFuFNUn68oI/AAAAAAAAQRI/vfN_snAW2hU/s0/naruto-truyentranhtuan-com-chap-700-trang-014.jpg",
                            "http://3.bp.blogspot.com/-1D2_iwFbzsE/VHXJUWxb6EI/AAAAAAAARBs/A6roEvgxEeQ/s1600/naruto-truyentranhtuan-com-chap-700-trang-015.jpg",
                            "http://2.bp.blogspot.com/-ebHX5IqBBNw/VFuFRiphrUI/AAAAAAAAQRY/NZCahpeUvuI/s0/naruto-truyentranhtuan-com-chap-700-trang-016.jpg",
                            "http://1.bp.blogspot.com/-WmoontvRWIo/VFuFTp26wMI/AAAAAAAAQRg/jcVIvpGfY70/s0/naruto-truyentranhtuan-com-chap-700-trang-017.jpg",
                            "http://1.bp.blogspot.com/-JuQYbcNNfN4/VFuFV2s0gQI/AAAAAAAAQRo/z6Anr1FSCto/s0/naruto-truyentranhtuan-com-chap-700-trang-018.jpg",
                            "http://2.bp.blogspot.com/-Ik0jiLlQO_4/VFuFXuTUScI/AAAAAAAAQRw/lt8Lwt1qzUk/s0/naruto-truyentranhtuan-com-chap-700-trang-019.jpg",
                            "http://4.bp.blogspot.com/-RGn_6CPi_yA/VFuFZ5jHH1I/AAAAAAAAQR4/vF34-UWbhzU/s0/naruto-truyentranhtuan-com-chap-700-trang-020.jpg",
                            "http://2.bp.blogspot.com/-wne4LhWtR70/VFuFcSJI8PI/AAAAAAAAQSA/JX61yzrkOps/s0/naruto-truyentranhtuan-com-chap-700-trang-021.jpg"

                            ],

                   },
              {
              "chap_name":"Naruto chap 699",
              "chap_url" :"http://truyentranhtuan.com/naruto-chuong-699/",
              "image_urls":[
                            "http://4.bp.blogspot.com/-iOT9FWMoKQI/VFts_0rC_HI/AAAAAAAAQMk/zrJLPazOpMI/s0/naruto-truyentranhtuan-com-chap-699-trang-002.jpg",
                            "http://3.bp.blogspot.com/-KNgY6uvJOGs/VFts93k_gtI/AAAAAAAAQMc/J9cx4rl5aXg/s0/naruto-truyentranhtuan-com-chap-699-trang-003.jpg",
                            "http://4.bp.blogspot.com/-vMGHJG8HRtA/VFttC9dUu9I/AAAAAAAAQMs/fpfeYVUB1qo/s0/naruto-truyentranhtuan-com-chap-699-trang-004.jpg",
                            "http://1.bp.blogspot.com/-2sefQYhOwI0/VFttFPXq4iI/AAAAAAAAQM0/Eu16ITAeSW4/s0/naruto-truyentranhtuan-com-chap-699-trang-005.jpg",
                            "http://1.bp.blogspot.com/-bjQSdiNVcbA/VFttHOp2WAI/AAAAAAAAQM8/bWthhYhvMy8/s0/naruto-truyentranhtuan-com-chap-699-trang-006.png",
                            "http://4.bp.blogspot.com/-vzgxVfLbYxQ/VFttJKwmnsI/AAAAAAAAQNE/0_0AqCR60K4/s0/naruto-truyentranhtuan-com-chap-699-trang-007.jpg",
                            "http://4.bp.blogspot.com/-WLzw-Da397U/VFttLKM251I/AAAAAAAAQNM/ve6CRxeEFS4/s0/naruto-truyentranhtuan-com-chap-699-trang-008.jpg",
                            "http://2.bp.blogspot.com/-eUl2aa8xWoo/VFttNrtgXjI/AAAAAAAAQNU/wQXWLLgJEG8/s0/naruto-truyentranhtuan-com-chap-699-trang-009.jpg",
                            "http://1.bp.blogspot.com/-7l3RGclK3Kk/VFttQRM_QEI/AAAAAAAAQNc/VJuJV_d40uI/s0/naruto-truyentranhtuan-com-chap-699-trang-010.jpg",
                            "http://4.bp.blogspot.com/-1PbAj-FcSvA/VFttSnsm-QI/AAAAAAAAQNk/dnbnmNOqYKA/s0/naruto-truyentranhtuan-com-chap-699-trang-011.jpg",
                            "http://2.bp.blogspot.com/-fWR4xrB47kY/VFttU3K0tnI/AAAAAAAAQNs/iiyqJWoQc-A/s0/naruto-truyentranhtuan-com-chap-699-trang-012.jpg",
                            "http://1.bp.blogspot.com/-lNya2MsQ4Ec/VFttXXhY_3I/AAAAAAAAQN0/0IvV1ZUuqho/s0/naruto-truyentranhtuan-com-chap-699-trang-013.jpg",
                            "http://3.bp.blogspot.com/-UeRAP3JOX_k/VFttZuny-0I/AAAAAAAAQN8/NYwiXlrS0GE/s0/naruto-truyentranhtuan-com-chap-699-trang-014.jpg",
                            "http://4.bp.blogspot.com/-hRV0v_Jc_tA/VFttb7a31II/AAAAAAAAQOE/OigaI0odyoY/s0/naruto-truyentranhtuan-com-chap-699-trang-015.jpg",
                            "http://4.bp.blogspot.com/-s2UaxSIY044/VFttdwpKoVI/AAAAAAAAQOM/jC_Ih7_XUrs/s0/naruto-truyentranhtuan-com-chap-699-trang-016.jpg",
                            "http://2.bp.blogspot.com/-gEv0EPy-H4k/VFttfmIxWZI/AAAAAAAAQOU/NGEs0vCfw8U/s0/naruto-truyentranhtuan-com-chap-699-trang-017.jpg",
                            "http://3.bp.blogspot.com/-oiTjZg4gMFs/VFttgn-TfOI/AAAAAAAAQOc/E5YSFxl_Njo/s0/naruto-truyentranhtuan-com-chap-699-trang-018.jpg",
                            "http://4.bp.blogspot.com/-jXahLcWJNPg/VFttisLersI/AAAAAAAAQOk/wJqNI-SlDxM/s0/naruto-truyentranhtuan-com-chap-699-trang-019.jpg",
                            "http://1.bp.blogspot.com/-tinV4kC0eQU/VFttkOaACCI/AAAAAAAAQOs/jgdcCEFBnTM/s0/naruto-truyentranhtuan-com-chap-699-trang-020.png",
                            "http://3.bp.blogspot.com/-ONVo2Zq8RO0/VFttlZltjaI/AAAAAAAAQO0/uah8ub-OAGM/s0/naruto-truyentranhtuan-com-chap-699-trang-021.jpg",
                           
                            
                            ],
              
              },
              {
              "chap_name":"Naruto chap 698",
              "chap_url" :"http://truyentranhtuan.com/naruto-chuong-698/",
              "image_urls":[
                            "http://3.bp.blogspot.com/-WECYmji-k6Q/VFDmJCpySZI/AAAAAAAAQAw/h5DpviSc7RA/s0/naruto-truyentranhtuan-com-chap-698-trang-002.jpg",
                            "http://1.bp.blogspot.com/-Pwv-j1_QiD8/VFDlkB_dpdI/AAAAAAAAP94/jU1qVhOEIlE/s0/naruto-truyentranhtuan-com-chap-698-trang-003.jpg",
                            "http://1.bp.blogspot.com/-qga7ykZPXv8/VFDlmAMNdjI/AAAAAAAAP-A/6Bepp5wAsU8/s0/naruto-truyentranhtuan-com-chap-698-trang-004.png",
                            "http://4.bp.blogspot.com/-TIQXwh--yDQ/VFDlosiIv-I/AAAAAAAAP-I/xb5ErwY_HO8/s0/naruto-truyentranhtuan-com-chap-698-trang-005.jpg",
                            "http://3.bp.blogspot.com/-1whhChSeBBU/VFDlptY6IhI/AAAAAAAAP-Q/a-nT35gitQM/s0/naruto-truyentranhtuan-com-chap-698-trang-006.jpg",
                            "http://2.bp.blogspot.com/-sYwkhO-5DgE/VFDlq424g-I/AAAAAAAAP-Y/Ml5ySW2a1f0/s0/naruto-truyentranhtuan-com-chap-698-trang-007.jpg",
                            "http://3.bp.blogspot.com/-1roYWnVavIE/VFDlsWpe6CI/AAAAAAAAP-g/f9ixhqEC3iU/s0/naruto-truyentranhtuan-com-chap-698-trang-008.jpg",
                            "http://2.bp.blogspot.com/-ci1oijPqtXY/VFDltgU11SI/AAAAAAAAP-o/kJJ6MizSv0w/s0/naruto-truyentranhtuan-com-chap-698-trang-009.jpg",
                            "http://1.bp.blogspot.com/-JVrNLHaiFVc/VFDlvRnHxCI/AAAAAAAAP-w/FevQ5PuivAk/s0/naruto-truyentranhtuan-com-chap-698-trang-010.jpg",
                            "http://4.bp.blogspot.com/-20XV_bwgmJg/VFDlw7T4wyI/AAAAAAAAP-4/HukF6C6evWM/s0/naruto-truyentranhtuan-com-chap-698-trang-011.jpg",
                            "http://1.bp.blogspot.com/-95z9bfjb1Sw/VFDlx5idLKI/AAAAAAAAP_A/jnkfoqTcliE/s0/naruto-truyentranhtuan-com-chap-698-trang-012.jpg",
                            "http://4.bp.blogspot.com/-MQKHalrwqcI/VFDly3aRiLI/AAAAAAAAP_I/3kSgiEPcapo/s0/naruto-truyentranhtuan-com-chap-698-trang-013.jpg",
                            "http://3.bp.blogspot.com/-x6xNnV3pTss/VFDl0z43NnI/AAAAAAAAP_U/rccJZh2xFhI/s0/naruto-truyentranhtuan-com-chap-698-trang-014.jpg",
                            "http://3.bp.blogspot.com/-VSA8cACzfdg/VFDl1YduJyI/AAAAAAAAP_Y/jmsPm5KyrFo/s0/naruto-truyentranhtuan-com-chap-698-trang-015.jpg",
                            "http://4.bp.blogspot.com/-Rhm7E4Rg9kI/VFDl2eRE36I/AAAAAAAAP_g/hC-B2y2LuNM/s0/naruto-truyentranhtuan-com-chap-698-trang-016.jpg",
                            "http://2.bp.blogspot.com/-oTcRibaDZCk/VFDl34V1qfI/AAAAAAAAP_o/rMy1pxe2X9I/s0/naruto-truyentranhtuan-com-chap-698-trang-017.jpg",
                            "http://2.bp.blogspot.com/-jLCNGkqvIoM/VFDl5BKCLaI/AAAAAAAAP_w/sJGHLHhfXVs/s0/naruto-truyentranhtuan-com-chap-698-trang-018.jpg",
                            "http://1.bp.blogspot.com/-C6uMYEQURs0/VFDl6tMJeyI/AAAAAAAAP_4/3UvSVvYozQo/s0/naruto-truyentranhtuan-com-chap-698-trang-019.jpg",
                            "http://1.bp.blogspot.com/-C-It4KFpCPc/VFDl8LhyHYI/AAAAAAAAQAA/bSA19k_C63g/s0/naruto-truyentranhtuan-com-chap-698-trang-020.png",
                            "http://2.bp.blogspot.com/-gHnAosN7O4o/VFDl-N1PlQI/AAAAAAAAQAI/o9mySQ92-cA/s0/naruto-truyentranhtuan-com-chap-698-trang-021.jpg",
                           
                            
                            
                            ],
              
              },
              {
              "chap_name":"Naruto chap 697",
              "chap_url" :"http://truyentranhtuan.com/naruto-chuong-697/",
              "image_urls":[
                            "http://3.bp.blogspot.com/-P31-Wt3ASkQ/VEjrjWg1MZI/AAAAAAAAPsM/Y99NUvJuGO0/s1600/naruto-truyentranhtuan-com-chap-697-trang-002.jpg",
                            "http://3.bp.blogspot.com/-ceqmz2NvbrU/VEjrjS85-_I/AAAAAAAAPsI/Qqn5wM2TK7A/s1600/naruto-truyentranhtuan-com-chap-697-trang-003.jpg",
                            "http://4.bp.blogspot.com/-nS8fpDFFzn8/VEjrk2iEvPI/AAAAAAAAPsU/pbrStraf6F4/s1600/naruto-truyentranhtuan-com-chap-697-trang-004.jpg",
                            "http://4.bp.blogspot.com/-BrLhlkKRPCw/VEjrm3Foc5I/AAAAAAAAPsc/s14d3Wmavas/s1600/naruto-truyentranhtuan-com-chap-697-trang-005.png",
                            "http://4.bp.blogspot.com/-eo8XZ6rB3pc/VEjrn0LAumI/AAAAAAAAPsk/Gj3lbJs2ipo/s1600/naruto-truyentranhtuan-com-chap-697-trang-006.jpg",
                            "http://2.bp.blogspot.com/-cggKEI4UlJY/VEnY7kXPuaI/AAAAAAAAP1A/KgAENwRF7mo/s1600/naruto-truyentranhtuan-com-chap-697-trang-006-5.jpg",
                            "http://1.bp.blogspot.com/-fiWuciqaZMc/VEjrpRHWysI/AAAAAAAAPss/fvpZzXTCmQk/s1600/naruto-truyentranhtuan-com-chap-697-trang-007.jpg",
                            "http://3.bp.blogspot.com/-MvLWv4SzPfY/VEjrrAHsbjI/AAAAAAAAPs0/vG7FTSoXnVg/s1600/naruto-truyentranhtuan-com-chap-697-trang-008.jpg",
                            "http://2.bp.blogspot.com/-Uo0qjTspr04/VEjrsijGGCI/AAAAAAAAPs8/3l6SByjaX_o/s1600/naruto-truyentranhtuan-com-chap-697-trang-009.jpg",
                            "http://1.bp.blogspot.com/-xXtyftSbYHM/VEjruQXHA-I/AAAAAAAAPtE/u1tDeMRb0GQ/s1600/naruto-truyentranhtuan-com-chap-697-trang-010.jpg",
                            "http://2.bp.blogspot.com/-aH1MuyW8mV0/VEjrwTwiCYI/AAAAAAAAPtM/9EHMICzwmsY/s1600/naruto-truyentranhtuan-com-chap-697-trang-011.jpg",
                            "http://2.bp.blogspot.com/-RjFpabAAl2k/VEjrx9MUQ7I/AAAAAAAAPtU/Lf7ZPCGV_TE/s1600/naruto-truyentranhtuan-com-chap-697-trang-012.jpg",
                            "http://4.bp.blogspot.com/-lpoDxhe9ZhM/VEjrzqYrPUI/AAAAAAAAPtc/vMeSmLJP9pQ/s1600/naruto-truyentranhtuan-com-chap-697-trang-013.jpg",
                            "http://3.bp.blogspot.com/-YcJJ6VAL_kc/VEjr1SZBvrI/AAAAAAAAPtk/ZgaEZj-8Vz0/s1600/naruto-truyentranhtuan-com-chap-697-trang-014.jpg",
                            "http://1.bp.blogspot.com/-ZX1GtPaUPVc/VEjr2rkqkOI/AAAAAAAAPts/SYcqo0eZH24/s1600/naruto-truyentranhtuan-com-chap-697-trang-015.jpg",
                            "http://1.bp.blogspot.com/-03Zp0g869ak/VEjr4NQjQCI/AAAAAAAAPt0/-JBg_tnr9cM/s1600/naruto-truyentranhtuan-com-chap-697-trang-016.jpg",
                            "http://1.bp.blogspot.com/--Ary7L2T9kY/VEjr5KrpXbI/AAAAAAAAPt8/TolqtSBKWjY/s1600/naruto-truyentranhtuan-com-chap-697-trang-017.png",
                            "http://4.bp.blogspot.com/-QoeHVg-XCbc/VEjr6abWbnI/AAAAAAAAPuE/4Srih15eZrA/s1600/naruto-truyentranhtuan-com-chap-697-trang-018.jpg",
                            
                            
                            
                            ],
              
              },
              {
              "chap_name":"Naruto chap 696",
              "chap_url" :"http://truyentranhtuan.com/naruto-chuong-696/",
              "image_urls":[
                            "http://2.bp.blogspot.com/-MvDUmMJN64A/VD-sYTdTvMI/AAAAAAAAPfI/YoC5HdfRo78/s0/naruto-truyentranhtuan-com-chap-696-trang-002.jpg",
                            "http://1.bp.blogspot.com/-V879VvxfWls/VD-sXL06W-I/AAAAAAAAPfA/hyKg3eAc2Es/s0/naruto-truyentranhtuan-com-chap-696-trang-003.jpg",
                            "http://4.bp.blogspot.com/-Xi3wDOZrUBc/VD-sapyI5kI/AAAAAAAAPfQ/3go4beyhz2o/s0/naruto-truyentranhtuan-com-chap-696-trang-004.jpg",
                            "http://2.bp.blogspot.com/-k0gwk6O89Lo/VD-sec3SZPI/AAAAAAAAPfY/LjVXya1Y7Bw/s0/naruto-truyentranhtuan-com-chap-696-trang-005.png",
                            "http://2.bp.blogspot.com/-kHW45pN8eBA/VD-simI24oI/AAAAAAAAPfg/HPyYwRUpLMs/s0/naruto-truyentranhtuan-com-chap-696-trang-006.jpg",
                            "http://2.bp.blogspot.com/-VE2YacaCrGs/VD-smaVgXxI/AAAAAAAAPfo/IorIKBzdUu0/s0/naruto-truyentranhtuan-com-chap-696-trang-007.jpg",
                            "http://1.bp.blogspot.com/-GoUd0IZaE5U/VD-ss2-SSZI/AAAAAAAAPfw/8EQak1uGEjg/s0/naruto-truyentranhtuan-com-chap-696-trang-008.jpg",
                            "http://2.bp.blogspot.com/-UofGnO9Szmw/VD-sv1vUTpI/AAAAAAAAPf4/Dj5T5WjP0W4/s0/naruto-truyentranhtuan-com-chap-696-trang-009.jpg",
                            "http://3.bp.blogspot.com/-3B3LsZcLrns/VD-s0a7gh7I/AAAAAAAAPgA/WEsRtcUI0qk/s0/naruto-truyentranhtuan-com-chap-696-trang-010.jpg",
                            "http://3.bp.blogspot.com/-ygts2DT9-7s/VD-s5dwp3tI/AAAAAAAAPgI/JZx_1WLVGVs/s0/naruto-truyentranhtuan-com-chap-696-trang-011.jpg",
                            "http://3.bp.blogspot.com/-vXONgSvfI6I/VD-s83afw3I/AAAAAAAAPgQ/l1FsCsmC7cM/s0/naruto-truyentranhtuan-com-chap-696-trang-012.jpg",
                            "http://4.bp.blogspot.com/-_oqfmPOLlvM/VD-tBKnWskI/AAAAAAAAPgY/EYlcqmzohW4/s0/naruto-truyentranhtuan-com-chap-696-trang-013.jpg",
                            "http://4.bp.blogspot.com/-v_qLnxG0TK0/VD-tKtQU0wI/AAAAAAAAPgg/icRx3wzZ41U/s0/naruto-truyentranhtuan-com-chap-696-trang-014.jpg",
                            "http://1.bp.blogspot.com/-4-7WC18G8fA/VD-tNuzqhUI/AAAAAAAAPgo/fx4hqosp95g/s0/naruto-truyentranhtuan-com-chap-696-trang-015.jpg",
                            "http://4.bp.blogspot.com/-L5mh_9nGCbY/VD-tQplYcOI/AAAAAAAAPgw/2J5bYcInLZk/s0/naruto-truyentranhtuan-com-chap-696-trang-016.jpg",
                            "http://4.bp.blogspot.com/-HgEEkvV3nig/VD-tTk_p3uI/AAAAAAAAPg4/_Ru7kBVSL0U/s0/naruto-truyentranhtuan-com-chap-696-trang-017.png",
                            "http://1.bp.blogspot.com/-_xyPDsIKO80/VD-tWjmpUiI/AAAAAAAAPhA/yePPa-kre4I/s0/naruto-truyentranhtuan-com-chap-696-trang-018.jpg",
                            "http://4.bp.blogspot.com/-8Yj53Ho8zig/VD-tZBT0tQI/AAAAAAAAPhI/rXnEhZCH-1Q/s0/naruto-truyentranhtuan-com-chap-696-trang-019.jpg",
                            "http://3.bp.blogspot.com/-Zjr5EthhQOs/VD-tbrOX8BI/AAAAAAAAPhQ/U49bQv94PSg/s0/naruto-truyentranhtuan-com-chap-696-trang-020.jpg",
                         
                            
                            ],
              
              },
              {
              "chap_name":"Naruto chap 695",
              "chap_url" :"http://truyentranhtuan.com/naruto-chuong-695/",
              "image_urls":[
                            "http://2.bp.blogspot.com/-AtuhHANMY5A/VDUgcAH4g_I/AAAAAAAAPRE/eTlNm4EORPE/s0/naruto-truyentranhtuan-com-chap-695-trang-002.jpg",
                            "http://2.bp.blogspot.com/-HaGZuJfUuHc/VDUfUsytmVI/AAAAAAAAPOU/q0M4jrDjaDQ/s0/naruto-truyentranhtuan-com-chap-695-trang-003.jpg",
                            "http://2.bp.blogspot.com/-l-63vDQEFz8/VDUfWMOMRUI/AAAAAAAAPOc/XG5S_yRXkdc/s0/naruto-truyentranhtuan-com-chap-695-trang-004.jpg",
                            "http://4.bp.blogspot.com/-JVOT9Vs5Evg/VDUfYqth0sI/AAAAAAAAPOk/AJdFGzGPrmQ/s0/naruto-truyentranhtuan-com-chap-695-trang-005.png",
                            "http://3.bp.blogspot.com/-E-Xz5MSKJZQ/VDUfaUTQHHI/AAAAAAAAPOs/d7WJOxkz2eQ/s0/naruto-truyentranhtuan-com-chap-695-trang-006.jpg",
                            "http://4.bp.blogspot.com/-xJnkEb1-qyY/VDUfcC_8s0I/AAAAAAAAPO0/vi-aFpTj5Ts/s0/naruto-truyentranhtuan-com-chap-695-trang-007.jpg",
                            "http://4.bp.blogspot.com/-1XqLtgkQPfo/VDUfeD7R0RI/AAAAAAAAPO8/Ss85Y6PMA_o/s0/naruto-truyentranhtuan-com-chap-695-trang-008.jpg",
                            "http://2.bp.blogspot.com/-pqWJMqKG6g8/VDUfgMR4y2I/AAAAAAAAPPE/9caZYz-rxVM/s0/naruto-truyentranhtuan-com-chap-695-trang-009.jpg",
                            "http://1.bp.blogspot.com/-vKGAYl_w994/VDUfh3ZUOoI/AAAAAAAAPPM/VEWEAyxTP2g/s0/naruto-truyentranhtuan-com-chap-695-trang-010.jpg",
                            "http://3.bp.blogspot.com/-qBw9uDCVu84/VDUfjPKkvoI/AAAAAAAAPPU/_17XQq4upjs/s0/naruto-truyentranhtuan-com-chap-695-trang-011.jpg",
                            "http://1.bp.blogspot.com/-NjRiEOnkg9M/VDUflvg1m5I/AAAAAAAAPPc/f3VIC3GUze8/s0/naruto-truyentranhtuan-com-chap-695-trang-012.jpg",
                            "http://3.bp.blogspot.com/-FAWrnXkHpP4/VDUfnCyS29I/AAAAAAAAPPk/YWXXkJj0HgE/s0/naruto-truyentranhtuan-com-chap-695-trang-013.jpg",
                            "http://3.bp.blogspot.com/-XRNjSuQI6-k/VDUfo_rqnGI/AAAAAAAAPPs/10cc32VX0b0/s0/naruto-truyentranhtuan-com-chap-695-trang-014.jpg",
                            "http://3.bp.blogspot.com/-Sw1b_Qoo6Mc/VDUfqPTgu5I/AAAAAAAAPP0/I9kJAuLudiQ/s0/naruto-truyentranhtuan-com-chap-695-trang-015.jpg",
                            "http://3.bp.blogspot.com/-pwmE79RgQ_s/VDUfrryswNI/AAAAAAAAPP8/lNVBmPRyqTE/s0/naruto-truyentranhtuan-com-chap-695-trang-016.jpg",
                            "http://2.bp.blogspot.com/-uL56Opbn9tE/VDUftPNFA8I/AAAAAAAAPQE/vQ_4EZRgb6E/s0/naruto-truyentranhtuan-com-chap-695-trang-017.jpg",
                            "http://3.bp.blogspot.com/-ecV6C7Joqb4/VDUfuL0WiqI/AAAAAAAAPQM/cAZyxefH7pM/s0/naruto-truyentranhtuan-com-chap-695-trang-018.jpg",
                            "http://2.bp.blogspot.com/-nsGKjzzRBVY/VDUfvxTNPmI/AAAAAAAAPQU/cDgXkcIajQ0/s0/naruto-truyentranhtuan-com-chap-695-trang-019.jpg",
                            "http://2.bp.blogspot.com/-acpDwSLWKVM/VDUfxHmDicI/AAAAAAAAPQc/MMKfUyypIWE/s0/naruto-truyentranhtuan-com-chap-695-trang-020.jpg",
                         
                            
                            
                            ],
              
              },
                   ],
    
    "one_piece":[
                 {
                 "chap_name":"Naruto chap 700",
                 "chap_url" :"http://truyentranhtuan.com/naruto-chuong-700/",
                 "image_urls":[
                               "",
                               "",
                               
                               ],
                 
                 },
                 {
                 "chap_name":"Naruto chap 699",
                 "chap_url" :"http://truyentranhtuan.com/naruto-chuong-699/",
                 "image_urls":[
                               "",
                               "",
                               
                               
                               
                               ],
                 
                 },
                 {
                 "chap_name":"Naruto chap 698",
                 "chap_url" :"http://truyentranhtuan.com/naruto-chuong-698/",
                 "image_urls":[
                               "",
                               "",
                               
                               
                               ],
                 
                 },
                 {
                 "chap_name":"Naruto chap 697",
                 "chap_url" :"http://truyentranhtuan.com/naruto-chuong-697/",
                 "image_urls":[
                               "",
                               "",
                               
                               
                               ],
                 
                 },
                 {
                 "chap_name":"Naruto chap 696",
                 "chap_url" :"http://truyentranhtuan.com/naruto-chuong-696/",
                 "image_urls":[
                               "",
                               "",
                               
                               
                               ],
                 
                 },
                 {
                 "chap_name":"Naruto chap 695",
                 "chap_url" :"http://truyentranhtuan.com/naruto-chuong-695/",
                 "image_urls":[
                               "",
                               "",
                               
                               
                               ],
                 
                 },
                 ]

    
 
}






